avgOxygenSaturation.timeFrame.timestamp,avgOxygenSaturation.oxygenSaturation.value,
2022-05-18 09:13:34,98.92,
2022-05-18 09:12:34,97.64,
2022-05-18 09:11:34,97.59,
2022-05-18 09:10:34,95.82,
2022-05-18 09:09:34,95.01,
2022-05-18 09:08:34,96.17,
2022-05-18 09:07:35,96.13,
2022-05-18 09:06:35,97.07,
2022-05-18 09:05:35,97.72,
2022-05-18 09:04:35,97.29,
2022-05-18 09:03:35,98.24,
2022-05-18 09:02:35,98.64,
2022-05-18 09:01:35,98.14,
2022-05-18 09:00:35,98.89,
2022-05-18 08:59:35,99.24,
2022-05-18 08:58:36,99.47,
2022-05-18 08:57:36,99.6,
2022-05-18 08:56:36,99.1,
2022-05-18 08:55:36,96.62,
2022-05-18 08:54:36,95.81,
2022-05-18 08:53:36,96.65,
2022-05-18 08:47:58,98.71,
2022-05-18 08:46:58,97.07,
2022-05-18 08:45:59,97.17,
2022-05-18 08:44:59,96.83,
2022-05-18 08:43:59,97.57,
2022-05-18 08:42:59,97.8,
2022-05-18 08:41:59,96.99,
2022-05-18 08:40:59,96.87,
2022-05-18 08:39:59,96.42,
2022-05-18 08:38:59,96.81,
2022-05-18 08:37:59,97.77,
2022-05-18 08:32:42,97.94,
2022-05-18 08:31:42,97.82,
2022-05-18 08:30:42,99.03,
2022-05-18 08:29:42,99.19,
2022-05-18 08:28:42,95.25,
2022-05-18 08:27:42,96.13,
2022-05-18 08:26:42,97.72,
2022-05-18 08:25:42,96.99,
2022-05-18 08:24:43,98.59,
2022-05-18 08:23:43,99.2,
2022-05-18 08:22:43,99.05,
2022-05-18 08:21:43,98.75,
2022-05-18 08:20:43,98.93,
2022-05-18 08:19:43,99.56,
2022-05-18 08:18:43,99.2,
2022-05-18 08:17:43,97.42,
2022-05-18 08:16:43,97.81,
2022-05-18 08:15:44,98.07,
2022-05-18 08:14:44,96.28,
2022-05-18 08:13:44,98.34,
2022-05-18 08:12:44,98.34,
2022-05-18 08:11:44,97.82,
2022-05-18 08:10:44,97.59,
2022-05-18 08:09:44,98.01,
2022-05-18 08:08:44,96.68,
2022-05-18 08:07:44,98.35,
2022-05-18 08:06:45,97.96,
2022-05-18 08:05:45,97.35,
2022-05-18 08:04:45,97.6,
2022-05-18 08:03:45,97.08,
2022-05-18 08:02:45,95.4,
2022-05-18 08:01:45,97.24,
2022-05-18 08:00:45,97.79,
2022-05-18 07:59:45,99.21,
2022-05-18 07:58:45,98.51,
2022-05-18 07:57:45,98.32,
2022-05-18 07:56:46,96.41,
2022-05-18 07:55:46,96.11,
2022-05-18 07:54:46,96.54,
2022-05-18 07:53:46,96.14,
2022-05-18 07:52:46,97.29,
2022-05-18 07:51:46,96.79,
2022-05-18 07:50:46,95.87,
2022-05-18 07:49:46,97.36,
2022-05-18 07:48:46,97.73,
2022-05-18 07:47:47,97.78,
2022-05-18 07:46:47,97.54,
2022-05-18 07:45:47,97.59,
2022-05-18 07:44:47,96.29,
2022-05-18 07:43:47,96.25,
2022-05-18 07:42:47,95.54,
2022-05-18 07:41:47,94.39,
2022-05-18 07:40:47,95.33,
2022-05-18 07:39:47,95.28,
2022-05-18 07:38:48,94.25,
2022-05-18 07:37:48,95.51,
2022-05-18 07:36:48,94.88,
2022-05-18 07:35:48,93.23,
2022-05-18 07:34:48,94.58,
2022-05-18 07:33:48,94.53,
2022-05-18 07:32:48,95.2,
2022-05-18 07:31:48,95.21,
2022-05-18 07:30:48,95.38,
2022-05-18 07:29:49,96.23,
2022-05-18 07:28:49,96.23,
2022-05-18 07:27:49,97.29,
2022-05-18 07:26:49,96.39,
2022-05-18 07:25:49,96.54,
2022-05-18 07:24:49,97.07,
2022-05-18 07:23:49,97.98,
2022-05-18 07:22:49,98.11,
2022-05-18 07:21:49,98.61,
2022-05-18 07:20:50,99.48,
2022-05-18 07:19:50,98.69,
2022-05-18 07:18:50,98.86,
2022-05-18 07:17:50,97.31,
2022-05-18 07:16:50,97.57,
2022-05-18 07:15:50,96.84,
2022-05-18 07:14:50,96.34,
2022-05-18 07:13:50,95.78,
2022-05-18 07:12:50,95.59,
2022-05-18 07:11:51,95.29,
2022-05-18 07:10:51,94.78,
2022-05-18 07:09:51,95.23,
2022-05-18 07:08:51,95.63,
2022-05-18 07:07:51,95.25,
2022-05-18 07:06:51,95.26,
2022-05-18 07:05:51,94.84,
2022-05-18 07:04:51,95.7,
2022-05-18 07:03:51,95.0,
2022-05-18 07:02:52,95.65,
2022-05-18 07:01:52,96.16,
2022-05-18 07:00:52,96.09,
2022-05-18 06:59:52,95.28,
2022-05-18 06:58:52,94.67,
2022-05-18 06:57:52,96.07,
2022-05-18 06:56:52,96.21,
2022-05-18 06:55:52,96.07,
2022-05-18 06:54:52,94.47,
2022-05-18 06:53:53,95.11,
2022-05-18 06:52:53,96.0,
2022-05-18 06:51:53,96.54,
2022-05-18 06:50:53,97.21,
2022-05-18 06:49:53,96.8,
2022-05-18 06:48:53,97.55,
2022-05-18 06:47:53,97.46,
2022-05-18 06:46:53,97.88,
2022-05-18 06:45:53,98.15,
2022-05-18 06:44:54,98.48,
2022-05-18 06:43:54,97.9,
2022-05-18 06:42:54,98.07,
2022-05-18 06:41:54,97.31,
2022-05-18 06:40:54,97.32,
2022-05-18 06:39:54,98.81,
2022-05-18 06:38:54,98.15,
2022-05-18 06:37:54,95.69,
2022-05-18 06:36:54,94.94,
2022-05-18 06:35:54,97.64,
2022-05-18 06:34:55,98.08,
2022-05-18 06:33:55,98.42,
2022-05-18 06:32:55,98.34,
2022-05-18 06:31:55,96.84,
2022-05-18 06:30:55,96.85,
2022-05-18 06:29:55,97.52,
2022-05-18 06:28:55,97.05,
2022-05-18 06:27:55,97.85,
2022-05-18 06:26:55,97.49,
2022-05-18 06:25:56,95.97,
2022-05-18 06:24:56,95.16,
2022-05-18 06:23:56,95.65,
2022-05-18 06:22:56,95.02,
2022-05-18 06:21:56,96.46,
2022-05-18 06:20:56,98.6,
2022-05-18 06:19:56,98.3,
2022-05-18 06:18:56,96.9,
2022-05-18 06:17:56,98.41,
2022-05-18 06:16:57,98.51,
2022-05-18 06:15:57,97.68,
2022-05-18 06:14:57,95.04,
2022-05-18 06:13:57,95.39,
2022-05-18 06:12:57,96.22,
2022-05-18 06:11:57,97.27,
2022-05-18 06:10:57,97.86,
2022-05-18 06:09:57,95.52,
2022-05-18 06:08:57,94.11,
2022-05-18 06:07:58,95.78,
2022-05-18 06:06:58,95.43,
2022-05-18 06:05:58,93.88,
2022-05-18 06:04:58,96.25,
2022-05-18 06:03:58,97.12,
2022-05-18 06:02:58,97.57,
2022-05-18 06:01:58,98.08,
2022-05-18 06:00:58,97.42,
2022-05-18 05:59:58,97.16,
2022-05-18 05:58:59,96.74,
2022-05-18 05:57:59,97.08,
2022-05-18 05:56:59,97.28,
2022-05-18 05:55:59,96.02,
2022-05-18 05:54:59,97.12,
2022-05-18 05:53:59,98.0,
2022-05-18 05:52:59,98.03,
2022-05-18 05:51:59,98.77,
2022-05-18 05:50:59,98.9,
2022-05-18 05:50:00,98.27,
2022-05-18 05:49:00,98.44,
2022-05-18 05:48:00,99.54,
2022-05-18 05:47:00,99.53,
2022-05-18 05:46:00,98.85,
2022-05-18 05:45:00,98.06,
2022-05-18 05:44:00,97.66,
2022-05-18 05:43:00,97.06,
2022-05-18 05:42:00,96.82,
2022-05-18 05:41:01,96.58,
2022-05-18 05:40:01,98.14,
2022-05-18 05:39:01,96.46,
2022-05-18 05:38:01,96.86,
2022-05-18 05:37:01,96.66,
2022-05-18 05:36:01,96.31,
2022-05-18 05:35:01,96.69,
2022-05-18 05:34:01,96.1,
2022-05-18 05:33:01,96.35,
2022-05-18 05:32:02,96.35,
2022-05-18 05:31:02,96.3,
2022-05-18 05:30:02,96.35,
2022-05-18 05:29:02,97.16,
2022-05-18 05:28:02,96.46,
2022-05-18 05:27:02,96.77,
2022-05-18 05:26:02,96.56,
2022-05-18 05:25:02,97.3,
2022-05-18 05:24:02,96.83,
2022-05-18 05:23:03,96.94,
2022-05-18 05:22:03,96.8,
2022-05-18 05:21:03,96.6,
2022-05-18 05:20:03,96.72,
2022-05-18 05:19:03,96.06,
2022-05-18 05:18:03,96.64,
2022-05-18 05:17:03,96.8,
2022-05-18 05:16:03,95.98,
2022-05-18 05:15:03,96.32,
2022-05-18 05:14:03,97.14,
2022-05-18 05:13:04,98.67,
2022-05-18 05:12:04,98.74,
2022-05-18 05:11:04,97.55,
2022-05-18 05:10:04,97.71,
2022-05-18 05:09:04,97.9,
2022-05-18 05:08:04,97.16,
2022-05-18 05:07:04,97.84,
2022-05-18 05:06:04,97.94,
2022-05-18 05:05:04,98.21,
2022-05-18 05:04:05,97.99,
2022-05-18 05:03:05,95.4,
2022-05-18 05:02:05,93.14,
2022-05-18 05:01:05,95.82,
2022-05-18 05:00:05,96.76,
2022-05-18 04:59:05,98.25,
2022-05-18 04:58:05,97.44,
2022-05-18 04:57:05,97.48,
2022-05-18 04:56:05,96.39,
2022-05-18 04:55:06,99.84,
2022-05-18 04:54:06,99.91,
2022-05-18 04:53:06,99.68,
2022-05-18 04:52:06,99.99,
2022-05-18 04:51:06,99.28,
2022-05-18 04:50:06,99.94,
2022-05-18 04:49:06,100.0,
2022-05-18 04:48:06,99.88,
2022-05-18 04:47:06,99.99,
2022-05-18 04:46:07,98.27,
2022-05-18 04:45:07,99.55,
2022-05-18 04:44:07,99.99,
2022-05-18 04:43:07,99.1,
2022-05-18 04:42:07,97.62,
2022-05-18 04:41:07,98.0,
2022-05-18 04:40:07,97.85,
2022-05-18 04:39:07,97.94,
2022-05-18 04:38:07,96.9,
2022-05-18 04:37:08,97.27,
2022-05-18 04:36:08,97.79,
2022-05-18 04:35:08,98.11,
2022-05-18 04:34:08,98.34,
2022-05-18 04:33:08,98.51,
2022-05-18 04:32:08,98.62,
2022-05-18 04:31:08,98.51,
2022-05-18 04:30:08,98.59,
2022-05-18 04:29:08,98.12,
2022-05-18 04:28:09,96.25,
2022-05-18 04:27:09,96.25,
2022-05-18 04:26:09,96.13,
2022-05-18 04:25:09,96.26,
2022-05-18 04:24:09,95.77,
2022-05-18 04:23:09,96.43,
2022-05-18 04:22:09,95.35,
2022-05-18 04:21:09,95.63,
2022-05-18 04:20:09,95.07,
2022-05-18 04:19:10,96.76,
2022-05-18 04:18:10,94.5,
2022-05-18 04:17:10,95.45,
2022-05-18 04:16:10,95.14,
2022-05-18 04:15:10,95.48,
2022-05-18 04:14:10,95.38,
2022-05-18 04:13:10,95.88,
2022-05-18 04:12:10,96.35,
2022-05-18 04:11:10,95.75,
2022-05-18 04:10:10,95.5,
2022-05-18 04:09:11,95.43,
2022-05-18 04:08:11,95.66,
2022-05-18 04:07:11,95.38,
2022-05-18 04:06:11,95.65,
2022-05-18 04:05:11,96.47,
2022-05-18 04:04:11,96.41,
2022-05-18 04:03:11,94.55,
2022-05-18 04:02:11,95.38,
2022-05-18 04:01:11,97.35,
2022-05-18 04:00:12,99.15,
2022-05-18 03:59:12,99.43,
2022-05-18 03:58:12,99.02,
2022-05-18 03:57:12,99.18,
2022-05-18 03:56:12,98.36,
2022-05-18 03:55:12,98.83,
2022-05-18 03:54:12,97.51,
2022-05-18 03:53:12,97.09,
2022-05-18 03:52:12,97.02,
2022-05-18 03:51:13,96.8,
2022-05-18 03:50:13,97.39,
2022-05-18 03:49:13,97.4,
2022-05-18 03:48:13,97.26,
2022-05-18 03:47:13,96.89,
2022-05-18 03:46:13,96.59,
2022-05-18 03:45:13,97.29,
2022-05-18 03:44:13,96.8,
2022-05-18 03:43:13,97.1,
2022-05-18 03:42:14,97.22,
2022-05-18 03:41:14,96.98,
2022-05-18 03:40:14,97.56,
2022-05-18 03:39:14,97.58,
2022-05-18 03:38:14,97.91,
2022-05-18 03:37:14,97.8,
2022-05-18 03:36:14,97.65,
2022-05-18 03:35:14,97.58,
2022-05-18 03:34:14,97.54,
2022-05-18 03:33:15,97.43,
2022-05-18 03:32:15,97.68,
2022-05-18 03:31:15,97.92,
2022-05-18 03:30:15,98.05,
2022-05-18 03:29:15,97.75,
2022-05-18 03:28:15,97.51,
2022-05-18 03:27:15,97.95,
2022-05-18 03:26:15,97.92,
2022-05-18 03:25:15,97.71,
2022-05-18 03:24:16,97.96,
2022-05-18 03:23:16,98.47,
2022-05-18 03:22:16,96.77,
2022-05-18 03:21:16,96.04,
2022-05-18 03:20:16,94.75,
2022-05-18 03:19:16,95.41,
2022-05-18 03:18:16,99.17,
2022-05-18 03:17:16,94.86,
2022-05-18 03:16:16,95.06,
2022-05-18 03:15:16,92.16,
2022-05-18 03:14:17,94.92,
2022-05-18 03:13:17,93.64,
2022-05-18 03:12:17,94.66,
2022-05-18 03:11:17,93.71,
2022-05-18 03:10:17,94.42,
2022-05-18 03:09:17,95.53,
2022-05-18 03:08:17,96.28,
2022-05-18 03:07:17,96.4,
2022-05-18 03:06:17,96.42,
2022-05-18 03:05:18,96.9,
2022-05-18 03:04:18,96.9,
2022-05-18 03:03:18,97.4,
2022-05-18 03:02:18,97.49,
2022-05-18 03:01:18,96.96,
2022-05-18 03:00:18,94.78,
2022-05-18 02:59:18,98.57,
2022-05-18 02:58:18,97.97,
2022-05-18 02:57:18,96.64,
2022-05-18 02:56:19,97.45,
2022-05-18 02:55:19,96.99,
2022-05-18 02:54:19,95.79,
2022-05-18 02:53:19,95.63,
2022-05-18 02:52:19,96.94,
2022-05-18 02:51:19,96.14,
2022-05-18 02:50:19,96.07,
2022-05-18 02:49:19,95.79,
2022-05-18 02:48:19,96.37,
2022-05-18 02:47:20,95.3,
2022-05-18 02:46:20,96.84,
2022-05-18 02:45:20,97.5,
2022-05-18 02:44:20,97.48,
2022-05-18 02:43:20,97.62,
2022-05-18 02:42:20,97.81,
2022-05-18 02:41:20,97.69,
2022-05-18 02:40:20,98.95,
2022-05-18 02:39:20,99.05,
2022-05-18 02:38:21,99.03,
2022-05-18 02:37:21,99.19,
2022-05-18 02:36:21,98.95,
2022-05-18 02:35:21,99.31,
2022-05-18 02:34:21,98.69,
2022-05-18 02:33:21,99.33,
2022-05-18 02:32:21,99.44,
2022-05-18 02:31:21,99.41,
2022-05-18 02:30:21,99.41,
2022-05-18 02:29:22,99.34,
2022-05-18 02:28:22,99.23,
2022-05-18 02:27:22,99.35,
2022-05-18 02:26:22,99.46,
2022-05-18 02:25:22,99.38,
2022-05-18 02:24:22,99.58,
2022-05-18 02:23:22,99.46,
2022-05-18 02:22:22,99.35,
2022-05-18 02:21:22,98.98,
2022-05-18 02:20:22,99.29,
2022-05-18 02:19:23,99.02,
2022-05-18 02:18:23,99.29,
2022-05-18 02:17:23,99.56,
2022-05-18 02:16:23,99.05,
2022-05-18 02:15:23,98.95,
2022-05-18 02:14:23,98.93,
2022-05-18 02:13:23,99.37,
2022-05-18 02:12:23,98.57,
2022-05-18 02:11:23,98.57,
2022-05-18 02:10:24,99.09,
2022-05-18 02:09:24,99.51,
2022-05-18 02:08:24,99.8,
2022-05-18 02:07:24,99.47,
2022-05-18 02:06:24,99.36,
2022-05-18 02:05:24,99.05,
2022-05-18 02:04:24,98.56,
2022-05-18 02:03:24,99.29,
2022-05-18 02:02:24,99.46,
2022-05-18 02:01:25,99.42,
2022-05-18 02:00:25,99.21,
2022-05-18 01:59:25,99.67,
2022-05-18 01:58:25,99.18,
2022-05-18 01:57:25,99.63,
2022-05-18 01:56:25,99.56,
2022-05-18 01:55:25,99.44,
2022-05-18 01:54:25,98.62,
2022-05-03 03:46:13,97.22,
2022-05-03 03:45:13,97.02,
2022-05-03 03:44:13,98.15,
2022-05-03 03:43:13,97.62,
2022-05-03 03:42:13,96.74,
2022-05-03 03:41:13,98.59,
2022-05-03 03:40:13,96.92,
2022-05-03 03:39:13,98.02,
2022-05-03 03:38:13,96.64,
2022-05-03 03:37:14,97.09,
2022-05-03 03:36:14,97.31,
2022-05-03 03:35:14,97.54,
2022-05-03 03:34:14,97.2,
2022-05-03 03:33:14,98.63,
2022-05-03 03:32:14,99.7,
2022-05-03 03:31:14,99.68,
2022-05-03 03:30:14,99.91,
2022-05-03 03:29:14,99.81,
2022-05-03 03:28:14,99.57,
2022-05-03 03:27:15,99.73,
2022-05-03 03:26:15,98.66,
2022-05-03 03:25:15,95.52,
2022-05-03 03:24:15,95.85,
2022-05-03 03:23:15,95.22,
2022-05-03 03:22:15,94.16,
2022-05-03 03:21:15,96.55,
2022-05-03 03:20:15,98.77,
2022-05-03 03:19:15,98.83,
2022-05-03 03:18:16,98.63,
2022-05-03 03:17:16,97.66,
2022-05-03 03:16:16,97.67,
2022-05-03 03:15:16,97.17,
2022-05-03 03:14:16,97.23,
2022-05-03 03:13:16,97.95,
2022-05-03 03:12:16,97.72,
2022-05-03 03:11:16,98.39,
2022-05-03 03:10:16,98.9,
2022-05-03 03:09:17,97.06,
2022-05-03 03:08:17,97.98,
2022-05-03 03:07:17,98.02,
2022-05-03 03:06:17,98.55,
2022-05-03 03:05:17,97.64,
2022-05-03 03:04:17,96.67,
2022-05-03 03:03:17,97.04,
2022-05-03 03:02:17,96.8,
2022-05-03 03:01:17,96.87,
2022-05-03 03:00:18,96.64,
2022-05-03 02:59:18,98.03,
2022-05-03 02:58:18,97.82,
2022-05-03 02:57:18,96.56,
2022-05-03 02:56:18,97.47,
2022-05-03 02:55:18,97.17,
2022-05-03 02:54:18,96.6,
2022-05-03 02:53:18,97.04,
2022-05-03 02:52:18,98.55,
2022-05-03 02:51:19,98.1,
2022-05-03 02:50:19,96.92,
2022-05-03 02:49:19,95.46,
2022-05-03 02:48:19,96.08,
2022-05-03 02:47:19,97.57,
2022-05-03 02:46:19,96.7,
2022-05-03 02:45:19,97.69,
2022-05-03 02:44:19,96.07,
2022-05-03 02:43:19,96.9,
2022-05-03 02:42:20,96.67,
2022-05-03 02:41:20,98.88,
2022-05-03 02:40:20,98.59,
2022-05-03 02:39:20,97.96,
2022-05-03 02:38:20,98.57,
2022-05-03 02:37:20,99.34,
2022-05-03 02:36:20,98.99,
2022-05-03 02:35:20,98.87,
2022-05-03 02:34:20,99.04,
2022-05-03 02:33:21,98.97,
2022-05-03 02:32:21,98.43,
2022-05-03 02:31:21,98.56,
2022-05-03 02:30:21,97.42,
2022-05-03 02:29:21,97.86,
2022-05-03 02:28:21,98.72,
2022-05-03 02:27:21,97.04,
2022-05-03 02:26:21,98.77,
2022-05-03 02:25:21,99.12,
2022-05-03 02:24:22,99.59,
2022-05-03 02:23:22,99.34,
2022-05-03 02:22:22,98.25,
2022-05-03 02:21:22,98.37,
2022-05-03 02:20:22,98.15,
2022-05-03 02:19:22,98.42,
2022-05-03 02:18:22,98.38,
2022-05-03 02:17:22,99.56,
2022-05-03 02:16:22,99.38,
2022-05-03 02:15:23,99.01,
2022-05-03 02:14:23,99.28,
2022-05-03 02:13:23,99.3,
2022-05-03 02:12:23,98.88,
2022-05-03 02:11:23,98.36,
2022-05-03 02:10:23,98.32,
2022-05-03 02:09:23,98.7,
2022-05-03 02:08:23,97.18,
2022-05-03 02:07:23,96.28,
2022-05-03 02:06:23,98.18,
2022-05-03 02:05:24,97.26,
2022-05-03 02:04:24,97.7,
2022-05-03 02:03:24,99.31,
2022-05-03 02:02:24,98.62,
2022-05-03 02:01:24,96.62,
2022-05-03 02:00:24,95.48,
2022-05-03 01:59:24,96.42,
2022-05-03 01:58:24,98.28,
2022-05-03 01:57:24,99.2,
2022-05-03 01:56:25,99.04,
2022-05-03 01:55:25,98.93,
2022-05-03 01:54:25,97.95,
2022-05-03 01:53:25,98.92,
2022-05-03 01:52:25,98.86,
2022-05-03 01:51:25,99.1,
2022-05-03 01:50:25,99.43,
2022-05-03 01:49:25,99.24,
2022-05-03 01:48:25,99.41,
2022-05-03 01:47:26,99.16,
2022-05-03 01:46:26,99.43,
2022-05-03 01:45:26,99.16,
2022-05-03 01:44:26,99.23,
2022-05-03 01:43:26,98.95,
2022-05-03 01:42:26,99.07,
2022-05-03 01:41:26,98.86,
2022-05-03 01:40:26,99.18,
2022-05-03 01:39:26,99.51,
2022-05-03 01:38:27,98.83,
2022-05-03 01:37:27,99.1,
2022-05-03 01:36:27,99.08,
2022-05-03 01:35:27,99.19,
2022-05-03 01:34:27,98.92,
2022-05-03 01:33:27,99.11,
2022-05-03 01:32:27,98.86,
2022-05-03 01:31:27,99.09,
2022-05-03 01:30:27,99.36,
2022-05-03 01:29:28,99.03,
2022-05-03 01:28:28,99.02,
2022-05-03 01:27:28,99.09,
2022-05-03 01:26:28,99.5,
2022-05-03 01:25:28,99.2,
2022-05-03 01:24:28,99.14,
2022-05-03 01:23:28,98.97,
2022-05-03 01:21:40,99.0,
2022-05-03 01:20:40,98.95,
2022-05-03 01:19:40,99.17,
2022-05-03 01:18:40,98.99,
2022-05-03 01:17:40,99.02,
2022-05-03 01:16:40,98.97,
2022-05-03 01:15:41,98.88,
2022-05-03 01:14:41,98.82,
2022-05-03 01:13:41,98.99,
2022-05-03 01:07:47,99.29,
2022-05-03 01:06:47,98.92,
2022-05-03 01:05:47,98.54,
2022-05-03 01:04:47,97.78,
2022-05-03 01:03:48,97.92,
2022-05-03 01:02:48,98.12,
2022-05-03 01:01:48,97.92,
2022-05-03 01:00:48,97.77,
2022-05-03 00:59:48,97.25,
2022-05-03 00:58:48,97.24,
2022-05-03 00:57:48,97.28,
2022-05-03 00:56:48,97.85,
2022-05-03 00:55:48,96.94,
2022-05-03 00:54:49,97.82,
2022-05-03 00:53:49,98.6,
2022-05-03 00:52:49,98.92,
2022-05-03 00:51:49,99.15,
2022-05-03 00:50:49,98.41,
2022-05-03 00:49:49,98.05,
2022-05-03 00:48:49,98.68,
2022-05-03 00:47:49,98.31,
2022-05-03 00:46:49,98.35,
2022-05-03 00:45:50,98.12,
2022-05-03 00:44:50,97.78,
2022-05-03 00:43:50,97.85,
2022-05-03 00:42:50,98.26,
2022-05-03 00:41:50,98.09,
2022-05-03 00:40:50,98.57,
2022-05-03 00:39:50,98.62,
2022-05-03 00:38:50,98.5,
2022-05-03 00:37:50,97.91,
2022-05-03 00:36:51,98.8,
2022-05-03 00:35:51,98.23,
2022-05-03 00:34:51,98.99,
2022-05-03 00:33:51,98.95,
2022-05-03 00:32:51,98.6,
2022-05-03 00:31:51,99.12,
2022-05-03 00:30:51,98.52,
2022-05-03 00:29:51,99.06,
2022-05-03 00:28:51,97.89,
2022-05-03 00:27:51,98.7,
2022-05-03 00:26:52,97.89,
2022-05-03 00:25:52,98.07,
2022-05-03 00:24:52,98.49,
2022-05-03 00:23:52,97.97,
2022-05-03 00:22:52,98.47,
2022-05-03 00:21:52,98.02,
2022-05-03 00:20:52,98.27,
2022-05-03 00:19:52,96.79,
2022-05-03 00:18:52,97.05,
2022-05-03 00:17:53,97.55,
2022-05-03 00:16:53,97.96,
2022-05-03 00:15:53,98.56,
2022-05-03 00:14:53,98.57,
2022-05-03 00:13:53,98.81,
2022-05-03 00:12:53,98.71,
2022-04-28 05:31:00,97.86,
2022-04-28 05:30:00,97.17,
2022-04-28 05:29:00,97.67,
2022-04-28 05:28:00,97.68,
2022-04-28 05:27:00,98.16,
2022-04-28 05:26:00,98.55,
2022-04-28 05:25:01,97.7,
2022-04-28 05:24:01,98.57,
2022-04-28 05:23:01,98.0,
2022-04-28 05:22:01,97.74,
2022-04-28 05:21:01,98.4,
2022-04-28 05:20:01,97.23,
2022-04-28 05:19:01,96.68,
2022-04-28 05:18:01,95.64,
2022-04-28 05:17:01,96.68,
2022-04-28 05:16:02,96.71,
2022-04-28 05:15:02,95.27,
2022-04-28 05:14:02,96.8,
2022-04-28 05:13:02,98.11,
2022-04-28 05:12:02,98.82,
2022-04-28 05:11:02,98.82,
2022-04-28 05:10:02,98.82,
2022-04-28 05:09:02,95.92,
2022-04-28 05:08:02,96.64,
2022-04-28 05:07:03,99.99,
2022-04-28 05:06:03,96.56,
2022-04-28 05:05:03,97.29,
2022-04-28 05:04:03,97.25,
2022-04-28 05:03:03,96.73,
2022-04-28 05:02:03,98.36,
2022-04-28 05:01:03,95.37,
2022-04-28 05:00:03,97.16,
2022-04-28 04:59:03,96.43,
2022-04-28 04:58:04,97.6,
2022-04-28 04:57:04,97.39,
2022-04-28 04:56:04,94.94,
2022-04-28 04:55:04,96.54,
2022-04-28 04:54:04,96.8,
2022-04-28 04:53:04,98.01,
2022-04-28 04:52:04,98.61,
2022-04-28 04:51:04,96.71,
2022-04-28 04:50:04,95.44,
2022-04-28 04:49:05,95.39,
2022-04-28 04:48:05,96.21,
2022-04-28 04:47:05,97.75,
2022-04-28 04:46:05,97.73,
2022-04-28 04:45:05,96.56,
2022-04-28 04:44:05,96.88,
2022-04-28 04:43:05,97.78,
2022-04-28 04:42:05,98.25,
2022-04-28 04:41:05,98.37,
2022-04-28 04:40:06,94.8,
2022-04-28 04:39:06,96.42,
2022-04-28 04:38:06,96.86,
2022-04-28 04:37:06,97.35,
2022-04-28 04:36:06,95.65,
2022-04-28 04:35:06,96.87,
2022-04-28 04:34:06,98.01,
2022-04-28 04:33:06,97.02,
2022-04-28 04:32:06,96.73,
2022-04-28 04:31:07,97.5,
2022-04-28 04:30:07,97.62,
2022-04-28 04:29:07,97.13,
2022-04-28 04:28:07,97.33,
2022-04-28 04:27:07,98.43,
2022-04-28 04:26:07,99.62,
2022-04-28 04:25:07,95.61,
2022-04-28 04:24:07,97.69,
2022-04-28 04:23:07,96.24,
2022-04-28 04:22:08,96.43,
2022-04-28 04:21:08,97.99,
2022-04-28 04:20:08,95.56,
2022-04-28 04:19:08,95.95,
2022-04-28 04:18:08,96.6,
2022-04-28 04:17:08,95.46,
2022-04-28 04:16:08,94.3,
2022-04-28 04:15:08,95.34,
2022-04-28 04:14:08,96.36,
2022-04-28 04:13:09,97.47,
2022-04-28 04:12:09,96.52,
2022-04-28 04:11:09,98.1,
2022-04-28 04:10:09,95.85,
2022-04-28 04:09:09,96.48,
2022-04-28 04:08:09,97.28,
2022-04-28 04:07:09,97.14,
2022-04-28 04:06:09,97.64,
2022-04-28 04:05:09,95.87,
2022-04-28 04:04:10,95.34,
2022-04-28 04:03:10,95.81,
2022-04-28 04:02:10,95.03,
2022-04-28 04:01:10,95.06,
2022-04-28 04:00:10,98.02,
2022-04-28 03:59:10,97.36,
2022-04-28 03:58:10,94.58,
2022-04-28 03:57:10,96.32,
2022-04-28 03:56:10,96.15,
2022-04-28 03:55:11,95.32,
2022-04-28 03:54:11,96.44,
2022-04-28 03:53:11,95.45,
2022-04-28 03:52:11,96.82,
2022-04-28 03:51:11,94.14,
2022-04-28 03:50:11,95.79,
2022-04-28 03:49:11,98.77,
2022-04-28 03:48:11,97.17,
2022-04-28 03:47:11,97.62,
2022-04-28 03:46:12,99.07,
2022-04-28 03:45:12,98.38,
2022-04-28 03:44:12,98.1,
2022-04-28 03:43:12,98.71,
2022-04-28 03:42:12,98.66,
2022-04-28 03:41:12,98.42,
2022-04-28 03:40:12,98.49,
2022-04-28 03:39:12,99.13,
2022-04-28 03:38:12,99.39,
2022-04-28 03:37:12,98.96,
2022-04-28 03:36:13,98.65,
2022-04-28 03:35:13,98.52,
2022-04-28 03:34:13,97.94,
2022-04-28 03:33:13,98.06,
2022-04-28 03:32:13,98.18,
2022-04-28 03:31:13,98.52,
2022-04-28 03:25:23,98.32,
2022-04-28 03:24:23,99.53,
2022-04-28 03:23:23,98.6,
2022-04-28 03:22:24,98.46,
2022-04-28 03:21:24,99.75,
2022-04-28 03:20:24,99.63,
2022-04-28 03:19:24,98.68,
2022-04-28 03:18:24,98.6,
2022-04-28 03:17:24,98.94,
2022-04-28 03:16:24,98.23,
2022-04-28 03:10:25,97.36,
2022-04-28 03:09:25,98.42,
2022-04-28 03:03:40,97.1,
2022-04-28 03:02:40,98.53,
2022-04-28 03:01:40,98.24,
2022-04-28 03:00:40,97.72,
2022-04-28 02:59:40,97.93,
2022-04-28 02:58:40,97.2,
2022-04-28 02:57:40,97.36,
2022-04-28 02:56:40,97.38,
2022-04-28 02:55:40,97.27,
2022-04-28 02:54:41,97.61,
2022-04-28 02:53:41,97.45,
2022-04-28 02:52:41,97.09,
2022-04-28 02:36:26,95.77,
2022-04-28 02:35:26,96.71,
2022-04-28 02:34:26,95.88,
2022-04-28 02:33:26,96.64,
2022-04-28 02:32:27,96.05,
2022-04-28 02:31:27,95.93,
2022-04-28 02:30:27,96.97,
2022-04-28 02:29:27,95.94,
2022-04-28 02:28:27,96.18,
2022-04-28 02:27:27,96.03,
2022-04-28 02:26:27,96.17,
2022-04-28 02:25:27,95.49,
2022-04-28 02:24:27,95.77,
2022-04-28 02:23:28,95.83,
2022-04-28 02:22:28,95.88,
2022-04-28 02:21:28,95.99,
2022-04-28 02:16:59,98.11,
2022-04-28 02:15:59,97.64,
2022-04-28 02:14:59,99.26,
2022-04-27 09:42:34,98.34,
2022-04-27 09:41:34,99.24,
2022-04-27 09:40:34,97.26,
2022-04-27 09:39:34,98.93,
2022-04-27 09:38:34,97.18,
2022-04-27 09:37:35,97.71,
2022-04-27 09:36:35,99.24,
2022-04-27 09:35:35,98.2,
2022-04-27 09:34:35,99.1,
2022-04-27 09:33:35,99.14,
2022-04-27 09:32:35,99.42,
2022-04-27 09:31:35,99.6,
2022-04-27 09:30:35,99.2,
2022-04-27 09:29:35,99.07,
2022-04-27 09:28:35,99.1,
2022-04-27 09:27:36,99.25,
2022-04-27 09:26:36,98.96,
2022-04-27 09:25:36,99.26,
2022-04-27 09:24:36,99.48,
2022-04-27 09:23:36,99.19,
2022-04-27 09:22:36,98.94,
2022-04-27 09:21:36,98.06,
2022-04-27 09:20:36,98.67,
2022-04-27 09:19:36,99.03,
2022-04-27 09:18:37,99.09,
2022-04-27 09:17:37,99.13,
2022-04-27 09:16:37,98.37,
2022-04-27 09:15:37,99.5,
2022-04-27 09:14:37,98.57,
2022-04-27 09:13:37,99.64,
2022-04-27 09:12:37,97.95,
2022-04-27 09:11:37,98.12,
2022-04-27 09:10:37,99.47,
2022-04-27 09:09:38,99.01,
2022-04-27 09:08:38,98.94,
2022-04-27 09:07:38,99.03,
2022-04-27 09:06:38,98.85,
2022-04-27 09:05:38,97.11,
2022-04-27 09:04:38,98.26,
2022-04-27 09:03:38,98.08,
2022-04-27 09:02:38,98.45,
2022-04-27 09:01:38,98.36,
2022-04-27 09:00:39,98.47,
2022-04-27 08:59:39,99.28,
2022-04-27 08:58:39,98.98,
2022-04-27 08:57:39,99.53,
2022-04-27 08:56:39,99.43,
2022-04-27 08:55:39,99.56,
2022-04-27 08:54:39,99.48,
2022-04-27 08:53:39,99.19,
2022-04-27 08:52:39,99.39,
2022-04-27 08:51:40,99.5,
2022-04-27 08:50:40,99.1,
2022-04-27 08:49:40,99.1,
2022-04-27 08:48:40,99.46,
2022-04-27 08:47:40,99.77,
2022-04-27 08:46:40,99.58,
2022-04-27 08:45:40,99.62,
2022-04-27 08:44:40,98.26,
2022-04-27 08:43:40,98.11,
2022-04-27 08:42:41,95.99,
2022-04-27 08:41:41,98.1,
2022-04-27 08:40:41,98.39,
2022-04-27 08:39:41,98.87,
2022-04-27 08:38:41,98.85,
2022-04-27 08:37:41,98.41,
2022-04-27 08:36:41,99.2,
2022-04-27 08:35:41,98.75,
2022-04-27 08:34:41,98.87,
2022-04-27 08:33:42,98.75,
2022-04-27 08:32:42,98.8,
2022-04-27 08:31:42,98.34,
2022-04-27 08:30:42,98.58,
2022-04-27 08:29:42,97.73,
2022-04-27 08:28:42,99.26,
2022-04-27 08:27:42,99.59,
2022-04-27 08:26:42,99.67,
2022-04-27 08:25:42,96.27,
2022-04-27 08:24:42,95.34,
2022-04-27 08:23:43,98.05,
2022-04-27 08:22:43,98.51,
2022-04-27 08:21:43,98.31,
2022-04-27 08:20:43,99.18,
2022-04-27 08:19:43,99.55,
2022-04-27 08:18:43,98.9,
2022-04-27 08:17:43,97.69,
2022-04-27 08:16:43,97.56,
2022-04-27 08:15:43,97.26,
2022-04-27 08:14:44,96.95,
2022-04-27 08:13:44,97.94,
2022-04-27 08:12:44,97.08,
2022-04-27 08:11:44,96.08,
2022-04-27 08:10:44,96.13,
2022-04-27 08:09:44,96.85,
2022-04-27 08:08:44,98.11,
2022-04-27 08:07:44,98.44,
2022-04-27 08:06:44,98.47,
2022-04-27 08:05:45,97.98,
2022-04-27 08:04:45,98.36,
2022-04-27 08:03:45,97.87,
2022-04-27 08:02:45,98.34,
2022-04-27 08:01:45,97.87,
2022-04-27 08:00:45,98.63,
2022-04-27 07:59:45,98.94,
2022-04-27 07:58:45,98.79,
2022-04-27 07:57:45,93.82,
2022-04-27 07:56:46,96.37,
2022-04-27 07:55:46,96.74,
2022-04-27 07:54:46,95.85,
2022-04-27 07:53:46,99.7,
2022-04-27 07:52:46,99.14,
2022-04-27 07:51:46,97.86,
2022-04-27 07:50:46,97.82,
2022-04-27 07:49:46,98.07,
2022-04-27 07:48:46,97.96,
2022-04-27 07:47:47,97.75,
2022-04-27 07:46:47,97.88,
2022-04-27 07:45:47,97.73,
2022-04-27 07:44:47,96.57,
2022-04-27 07:43:47,97.43,
2022-04-27 07:42:47,97.68,
2022-04-27 07:41:47,96.95,
2022-04-27 07:40:47,97.13,
2022-04-27 07:39:47,97.4,
2022-04-27 07:38:48,97.29,
2022-04-27 07:37:48,97.75,
2022-04-27 07:36:48,97.18,
2022-04-27 07:35:48,97.49,
2022-04-27 07:34:48,97.96,
2022-04-27 07:33:48,98.06,
2022-04-27 07:32:48,97.58,
2022-04-27 07:31:48,97.98,
2022-04-27 07:30:48,97.79,
2022-04-27 07:29:48,98.58,
2022-04-27 07:28:49,98.56,
2022-04-27 07:27:49,98.05,
2022-04-27 07:26:49,98.9,
2022-04-27 07:25:49,98.38,
2022-04-27 07:24:49,98.36,
2022-04-27 07:23:49,98.5,
2022-04-27 07:22:49,99.0,
2022-04-27 07:21:49,98.18,
2022-04-27 07:20:49,98.19,
2022-04-27 07:19:50,97.72,
2022-04-27 07:18:50,97.31,
2022-04-27 07:17:50,96.86,
2022-04-27 07:16:50,97.5,
2022-04-27 07:15:50,99.02,
2022-04-27 07:14:50,99.8,
2022-04-27 07:13:50,98.67,
2022-04-27 07:12:50,99.65,
2022-04-27 07:11:50,98.67,
2022-04-27 07:10:51,98.17,
2022-04-27 07:09:51,99.55,
2022-04-27 07:08:51,98.79,
2022-04-27 07:07:51,99.48,
2022-04-27 07:06:51,99.37,
2022-04-27 07:05:51,99.38,
2022-04-27 07:04:51,98.69,
2022-04-27 07:03:51,99.1,
2022-04-27 07:02:51,99.45,
2022-04-27 07:01:52,99.6,
2022-04-27 07:00:52,99.87,
2022-04-27 06:59:52,99.42,
2022-04-27 06:58:52,98.93,
2022-04-27 06:57:52,98.9,
2022-04-27 06:56:52,98.56,
2022-04-27 06:55:52,99.4,
2022-04-27 06:54:52,98.47,
2022-04-27 06:53:52,99.14,
2022-04-27 06:52:53,99.62,
2022-04-27 06:51:53,99.74,
2022-04-27 06:50:53,99.5,
2022-04-27 06:49:53,98.68,
2022-04-27 06:48:53,98.61,
2022-04-27 06:47:53,97.12,
2022-04-27 06:46:53,99.61,
2022-04-27 06:45:53,98.82,
2022-04-27 06:44:53,97.31,
2022-04-27 06:43:54,95.23,
2022-04-27 06:42:54,94.91,
2022-04-27 06:41:54,95.91,
2022-04-27 06:40:54,97.08,
2022-04-27 06:39:54,96.21,
2022-04-27 06:38:54,96.24,
2022-04-27 06:37:54,96.55,
2022-04-27 06:36:54,96.55,
2022-04-27 06:35:54,96.93,
2022-04-27 06:34:55,96.49,
2022-04-27 06:33:55,95.24,
2022-04-27 06:32:55,96.67,
2022-04-27 06:31:55,95.97,
2022-04-27 06:30:55,95.93,
2022-04-27 06:29:55,95.7,
2022-04-27 06:28:55,96.75,
2022-04-27 06:18:17,97.67,
2022-04-27 06:17:17,98.84,
2022-04-27 06:16:17,98.72,
2022-04-27 06:15:17,99.24,
2022-04-27 06:14:18,99.8,
2022-04-27 06:13:18,99.5,
2022-04-27 06:12:18,99.7,
2022-04-27 06:11:18,99.6,
2022-04-27 06:10:18,99.73,
2022-04-27 06:09:18,99.85,
2022-04-27 06:08:18,98.54,
2022-04-27 06:02:39,96.56,
2022-04-27 06:01:39,97.33,
2022-04-27 06:00:39,97.25,
2022-04-27 05:59:40,97.01,
2022-04-27 05:58:40,97.87,
2022-04-27 05:57:40,98.66,
2022-04-27 05:56:40,98.52,
2022-04-27 05:55:40,98.88,
2022-04-27 05:54:40,98.43,
2022-04-27 05:53:40,98.47,
2022-04-27 05:52:40,98.38,
2022-04-27 05:51:40,98.07,
2022-04-27 05:50:41,98.76,
2022-04-27 05:49:41,96.9,
2022-04-27 05:48:41,98.06,
2022-04-27 05:47:41,98.7,
2022-04-27 05:46:41,98.4,
2022-04-27 05:45:41,97.37,
2022-04-27 05:44:41,96.83,
2022-04-27 05:43:41,98.21,
2022-04-27 05:42:41,98.3,
2022-04-27 05:41:42,100.0,
2022-04-27 05:40:42,99.99,
2022-04-27 05:39:42,99.17,
2022-04-27 05:38:42,98.24,
2022-04-27 05:37:42,96.88,
2022-04-27 05:36:42,96.64,
2022-04-27 05:35:42,97.23,
2022-04-27 05:34:42,98.08,
2022-04-27 05:33:42,99.06,
2022-04-27 05:32:43,97.06,
2022-04-27 05:31:43,98.06,
2022-04-27 05:30:43,97.49,
2022-04-27 05:29:43,97.62,
2022-04-27 05:28:43,97.88,
2022-04-27 05:27:43,98.26,
2022-04-27 05:26:43,97.77,
2022-04-27 05:25:43,97.92,
2022-04-27 05:24:43,96.7,
2022-04-27 05:23:44,96.63,
2022-04-27 05:22:44,96.19,
2022-04-27 05:21:44,96.36,
2022-04-27 05:20:44,96.7,
2022-04-27 05:19:44,96.76,
2022-04-27 05:18:44,97.08,
2022-04-27 05:17:44,97.23,
2022-04-27 05:16:44,96.97,
2022-04-27 05:15:44,98.11,
2022-04-27 05:14:44,97.44,
2022-04-27 05:13:45,97.71,
2022-04-27 05:12:45,96.66,
2022-04-27 05:11:45,98.3,
2022-04-27 05:10:45,98.98,
2022-04-27 05:09:45,98.18,
2022-04-27 05:08:45,98.8,
2022-04-27 05:07:45,98.45,
2022-04-27 05:06:45,98.74,
2022-04-27 05:05:45,98.3,
2022-04-27 05:04:46,98.28,
2022-04-27 05:03:46,99.33,
2022-04-27 05:02:46,99.34,
2022-04-27 05:01:46,98.89,
2022-04-27 05:00:46,99.39,
2022-04-27 04:59:46,98.61,
2022-04-27 04:58:46,98.82,
2022-04-27 04:57:46,98.52,
2022-04-27 04:56:46,98.64,
2022-04-27 04:55:47,99.12,
2022-04-27 04:54:47,99.04,
2022-04-27 04:53:47,98.38,
2022-04-27 04:52:47,99.03,
2022-04-27 04:51:47,98.81,
2022-04-27 04:50:47,98.13,
2022-04-27 04:49:47,99.06,
2022-04-27 04:48:47,99.34,
2022-04-27 04:47:47,98.16,
2022-04-27 04:46:48,98.78,
2022-04-27 04:45:48,98.91,
2022-04-27 04:44:48,99.46,
2022-04-27 04:43:48,99.43,
2022-04-27 04:42:48,98.43,
2022-04-27 04:41:48,98.74,
2022-04-27 04:40:48,97.56,
2022-04-27 04:39:48,98.48,
2022-04-27 04:38:48,98.76,
2022-04-27 04:37:49,97.54,
2022-04-27 04:36:49,96.41,
2022-04-27 04:35:49,97.93,
2022-04-27 04:34:49,97.72,
2022-04-27 04:33:49,96.95,
2022-04-27 04:32:49,98.05,
2022-04-27 04:31:49,98.5,
2022-04-27 04:30:49,98.77,
2022-04-27 04:29:49,97.76,
2022-04-27 04:28:50,98.65,
2022-04-27 04:27:50,98.71,
2022-04-27 04:26:50,98.71,
2022-04-27 04:25:50,98.71,
2022-04-27 04:24:50,98.71,
2022-04-27 04:23:50,98.71,
2022-04-27 04:22:50,99.53,
2022-04-27 04:21:50,99.71,
2022-04-27 04:20:50,98.52,
2022-04-27 04:19:51,100.0,
2022-04-27 04:18:51,98.98,
2022-04-27 04:17:51,99.12,
2022-04-27 04:16:51,97.23,
2022-04-27 04:15:51,97.04,
2022-04-27 04:14:51,97.29,
2022-04-27 04:13:51,97.18,
2022-04-27 04:12:51,96.94,
2022-04-27 04:11:51,97.43,
2022-04-27 04:10:52,97.42,
2022-04-27 04:09:52,97.32,
2022-04-27 04:08:52,97.31,
2022-04-27 04:07:52,97.13,
2022-04-27 04:06:52,97.6,
2022-04-27 04:05:52,97.16,
2022-04-27 04:04:52,96.98,
2022-04-27 04:03:52,97.12,
2022-04-27 04:02:52,97.17,
2022-04-27 04:01:53,97.27,
2022-04-27 04:00:53,96.94,
2022-04-27 03:59:53,97.11,
2022-04-27 03:58:53,97.03,
2022-04-27 03:57:53,96.83,
2022-04-27 03:56:53,96.86,
2022-04-27 03:55:53,97.3,
2022-04-27 03:54:53,96.97,
2022-04-27 03:53:53,97.12,
2022-04-27 03:52:54,97.16,
2022-04-27 03:51:54,97.1,
2022-04-27 03:50:54,97.0,
2022-04-27 03:49:54,97.18,
2022-04-27 03:48:54,96.96,
2022-04-27 03:47:54,96.97,
2022-04-27 03:46:54,96.96,
2022-04-27 03:45:54,96.96,
2022-04-27 03:44:54,97.1,
2022-04-27 03:43:55,97.11,
2022-04-27 03:42:55,97.97,
2022-04-27 03:41:55,97.42,
2022-04-27 03:40:55,96.92,
2022-04-27 03:39:55,97.12,
2022-04-27 03:38:55,97.05,
2022-04-27 03:37:55,97.1,
2022-04-27 03:36:55,97.2,
2022-04-27 03:35:55,96.62,
2022-04-27 03:34:56,97.36,
2022-04-27 03:33:56,96.97,
2022-04-27 03:32:56,97.28,
2022-04-27 03:31:56,95.76,
2022-04-27 03:30:56,97.92,
2022-04-27 03:29:56,94.87,
2022-04-27 03:28:56,96.91,
2022-04-27 03:27:56,98.48,
2022-04-27 03:26:56,98.59,
2022-04-27 03:25:57,98.22,
2022-04-27 03:24:57,97.84,
2022-04-27 03:23:57,95.51,
2022-04-27 03:22:57,96.92,
2022-04-27 03:21:57,96.87,
2022-04-27 03:20:57,98.68,
2022-04-27 03:19:57,97.01,
2022-04-27 03:18:57,96.18,
2022-04-27 03:17:57,95.35,
2022-04-27 03:16:57,95.51,
2022-04-27 03:15:58,95.14,
2022-04-27 03:14:58,97.93,
2022-04-27 03:13:58,98.08,
2022-04-27 03:12:58,98.0,
2022-04-27 03:11:58,97.8,
2022-04-27 03:10:58,97.8,
2022-04-27 03:09:58,98.17,
2022-04-27 03:08:58,97.39,
2022-04-27 03:07:58,96.72,
2022-04-27 03:06:59,97.52,
2022-04-27 03:05:59,96.88,
2022-04-27 03:04:59,96.76,
2022-04-27 03:03:59,98.3,
2022-04-27 03:02:59,98.13,
2022-04-27 03:01:59,99.63,
2022-04-27 03:00:59,99.4,
2022-04-27 02:59:59,99.2,
2022-04-27 02:58:59,99.79,
2022-04-27 02:58:00,98.19,
2022-04-27 02:57:00,99.64,
2022-04-27 02:56:00,94.82,
2022-04-27 02:55:00,98.0,
2022-04-27 02:54:00,98.27,
2022-04-27 02:53:00,97.4,
2022-04-27 02:52:00,98.08,
2022-04-27 02:51:00,98.04,
2022-04-27 02:50:00,96.18,
2022-04-27 02:49:01,96.78,
2022-04-27 02:48:01,97.71,
2022-04-27 02:47:01,98.59,
2022-04-27 02:46:01,98.96,
2022-04-27 02:45:01,98.31,
2022-04-27 02:44:01,99.46,
2022-04-27 02:43:01,99.99,
2022-04-27 02:42:01,100.0,
2022-04-27 02:41:01,100.0,
2022-04-27 02:40:02,100.0,
2022-04-27 02:39:02,100.0,
2022-04-27 02:38:02,100.0,
2022-04-27 02:37:02,100.0,
2022-04-27 02:36:02,100.0,
2022-04-27 02:35:02,100.0,
2022-04-27 02:34:02,100.0,
2022-04-27 02:33:02,100.0,
2022-04-27 02:32:02,100.0,
2022-04-27 02:31:03,100.0,
2022-04-27 02:30:03,100.0,
2022-04-27 02:29:03,100.0,
2022-04-27 02:28:03,100.0,
2022-04-27 02:27:03,100.0,
2022-04-27 02:26:03,100.0,
2022-04-27 02:25:03,100.0,
2022-04-27 02:24:03,100.0,
2022-04-27 02:23:03,100.0,
2022-04-27 02:22:04,100.0,
2022-04-27 02:21:04,100.0,
2022-04-27 02:20:04,100.0,
2022-04-27 02:19:04,100.0,
2022-04-27 02:18:04,100.0,
2022-04-27 02:17:04,100.0,
2022-04-27 02:16:04,100.0,
2022-04-27 02:15:04,100.0,
2022-04-27 02:14:04,100.0,
2022-04-27 02:13:05,100.0,
2022-04-27 02:12:05,100.0,
2022-04-27 02:11:05,100.0,
2022-04-27 02:10:05,100.0,
2022-04-27 02:09:05,100.0,
2022-04-27 02:08:05,100.0,
2022-04-27 02:07:05,99.98,
2022-04-27 02:06:05,96.77,
2022-04-27 02:05:05,96.35,
2022-04-27 02:04:06,98.09,
2022-04-27 02:03:06,98.53,
2022-04-27 02:02:06,98.59,
2022-04-27 02:01:06,98.22,
2022-04-27 02:00:06,98.13,
2022-04-27 01:59:06,98.37,
2022-04-27 01:58:06,98.26,
2022-04-27 01:57:06,98.51,
2022-04-27 01:56:06,98.24,
2022-04-27 01:55:06,98.51,
2022-04-27 01:54:07,98.13,
2022-04-27 01:53:07,98.08,
2022-04-27 00:43:55,98.76,
2022-04-27 00:42:55,98.56,
2022-04-27 00:41:55,98.47,
2022-04-26 10:02:15,97.53,
2022-04-26 10:01:15,98.22,
2022-04-26 09:48:04,99.43,
2022-04-26 09:47:04,98.63,
2022-04-26 09:46:04,98.9,
2022-04-26 09:45:04,99.1,
2022-04-26 09:44:05,99.06,
2022-04-26 09:43:05,97.14,
2022-04-26 09:42:05,97.76,
2022-04-26 09:41:05,99.94,
2022-04-26 09:40:05,99.99,
2022-04-26 09:39:05,98.57,
2022-04-26 09:38:05,96.29,
2022-04-26 09:37:05,95.88,
2022-04-26 09:36:05,97.58,
2022-04-26 09:35:06,98.17,
2022-04-26 09:34:06,98.16,
2022-04-26 09:33:06,99.35,
2022-04-26 09:32:06,97.52,
2022-04-26 09:31:06,98.14,
2022-04-26 09:30:06,97.86,
2022-04-26 09:29:06,98.01,
2022-04-26 09:28:06,97.48,
2022-04-26 09:27:06,98.92,
2022-04-26 09:26:07,99.84,
2022-04-26 09:25:07,99.57,
2022-04-26 09:24:07,99.42,
2022-04-26 09:23:07,99.59,
2022-04-26 09:22:07,99.65,
2022-04-26 09:21:07,99.59,
2022-04-26 09:20:07,99.55,
2022-04-26 09:19:07,99.62,
2022-04-26 09:18:07,99.71,
2022-04-26 09:17:08,99.19,
2022-04-26 09:16:08,99.75,
2022-04-26 09:15:08,99.8,
2022-04-26 09:14:08,99.23,
2022-04-26 09:13:08,99.45,
2022-04-26 09:12:08,99.82,
2022-04-26 09:11:08,98.85,
2022-04-26 09:10:08,99.69,
2022-04-26 09:09:08,99.73,
2022-04-26 09:08:08,99.74,
2022-04-26 09:07:08,99.31,
2022-04-26 09:06:09,99.82,
2022-04-26 09:05:09,99.7,
2022-04-26 09:04:09,98.95,
2022-04-26 09:03:09,99.54,
2022-04-26 09:02:09,99.99,
2022-04-26 09:01:09,100.0,
2022-04-26 09:00:09,100.0,
2022-04-26 08:59:09,100.0,
2022-04-26 08:58:09,100.0,
2022-04-26 08:57:10,100.0,
2022-04-26 08:56:10,100.0,
2022-04-26 08:55:10,99.99,
2022-04-26 08:54:10,99.44,
2022-04-26 08:53:10,99.05,
2022-04-26 08:52:10,98.73,
2022-04-26 08:51:10,99.51,
2022-04-26 08:50:10,99.39,
2022-04-26 08:49:10,98.86,
2022-04-26 08:48:11,99.43,
2022-04-26 08:47:11,98.76,
2022-04-26 08:46:11,98.73,
2022-04-26 08:45:11,98.92,
2022-04-26 08:44:11,98.62,
2022-04-26 08:43:11,98.99,
2022-04-26 08:42:11,98.14,
2022-04-26 08:41:11,98.12,
2022-04-26 08:40:11,97.68,
2022-04-26 08:39:12,98.07,
2022-04-26 08:38:12,99.0,
2022-04-26 08:37:12,99.24,
2022-04-26 08:36:12,98.34,
2022-04-26 08:35:12,99.02,
2022-04-26 08:34:12,99.64,
2022-04-26 08:33:12,96.37,
2022-04-26 08:32:12,98.73,
2022-04-26 08:31:12,98.31,
2022-04-26 08:30:13,99.22,
2022-04-26 08:29:13,98.13,
2022-04-26 08:28:13,99.05,
2022-04-26 08:27:13,98.25,
2022-04-26 08:26:13,99.14,
2022-04-26 08:25:13,99.31,
2022-04-26 08:24:13,99.57,
2022-04-26 08:23:13,99.62,
2022-04-26 08:22:13,99.82,
2022-04-26 08:21:14,99.51,
2022-04-26 08:20:14,99.6,
2022-04-26 08:19:14,99.34,
2022-04-26 08:18:14,99.67,
2022-04-26 08:17:14,99.26,
2022-04-26 08:16:14,99.39,
2022-04-26 08:15:14,99.33,
2022-04-26 08:14:14,98.9,
2022-04-26 08:13:14,98.92,
2022-04-26 08:12:15,99.63,
2022-04-26 08:11:15,99.33,
2022-04-26 08:10:15,98.67,
2022-04-26 08:09:15,99.61,
2022-04-26 08:08:15,99.0,
2022-04-26 08:07:15,99.66,
2022-04-26 08:06:15,99.48,
2022-04-26 08:05:15,99.62,
2022-04-26 08:04:15,99.26,
2022-04-26 08:03:16,99.67,
2022-04-26 08:02:16,99.11,
2022-04-26 08:01:16,98.84,
2022-04-26 08:00:16,99.72,
2022-04-26 07:59:16,98.9,
2022-04-26 07:58:16,99.08,
2022-04-26 07:57:16,99.41,
2022-04-26 07:56:16,99.82,
2022-04-26 07:55:16,98.71,
2022-04-26 07:54:17,97.83,
2022-04-26 07:53:17,96.98,
2022-04-26 07:52:17,96.76,
2022-04-26 07:51:17,93.39,
2022-04-26 07:50:17,90.09,
2022-04-26 07:49:17,91.19,
2022-04-26 07:48:17,96.2,
2022-04-26 07:47:17,97.79,
2022-04-26 07:46:17,98.55,
2022-04-26 07:44:40,98.35,
2022-04-26 07:43:40,98.46,
2022-04-26 07:42:40,98.08,
2022-04-26 07:41:40,98.4,
2022-04-26 07:40:40,98.28,
2022-04-26 07:39:40,98.31,
2022-04-26 07:38:41,97.12,
2022-04-26 07:37:41,98.44,
2022-04-26 07:36:41,99.7,
2022-04-26 07:35:41,98.53,
2022-04-26 07:34:41,98.92,
2022-04-26 07:29:28,97.57,
2022-04-26 07:28:28,96.38,
2022-04-26 07:27:28,98.95,
2022-04-26 07:26:28,96.75,
2022-04-26 07:25:28,98.03,
2022-04-26 07:24:28,97.64,
2022-04-26 07:23:28,97.2,
2022-04-26 07:22:29,97.11,
2022-04-26 07:21:29,95.69,
2022-04-26 07:20:29,97.02,
2022-04-26 07:19:29,98.45,
2022-04-26 07:18:29,99.4,
2022-04-26 07:17:29,99.08,
2022-04-26 07:16:29,98.7,
2022-04-26 07:15:29,98.92,
2022-04-26 07:14:30,99.41,
2022-04-26 07:13:30,98.94,
2022-04-26 07:12:30,98.58,
2022-04-26 07:11:30,98.84,
2022-04-26 07:10:30,98.46,
2022-04-26 07:09:30,98.54,
2022-04-26 07:08:30,98.77,
2022-04-26 07:07:30,98.76,
2022-04-26 07:06:31,98.51,
2022-04-26 07:05:31,98.66,
2022-04-26 07:04:31,98.56,
2022-04-26 07:03:31,98.99,
2022-04-26 07:02:31,98.73,
2022-04-26 07:01:31,97.29,
2022-04-26 07:00:31,97.78,
2022-04-26 06:59:31,98.55,
2022-04-26 06:58:31,98.84,
2022-04-26 06:57:32,97.81,
2022-04-26 06:56:32,97.62,
2022-04-26 06:55:32,97.63,
2022-04-26 06:54:32,97.48,
2022-04-26 06:53:32,97.65,
2022-04-26 06:52:32,97.94,
2022-04-26 06:51:32,97.22,
2022-04-26 06:50:32,97.0,
2022-04-26 06:49:32,97.18,
2022-04-26 06:48:33,97.12,
2022-04-26 06:47:33,96.84,
2022-04-26 06:46:33,97.29,
2022-04-26 06:45:33,97.09,
2022-04-26 06:44:33,96.83,
2022-04-26 06:43:33,96.73,
2022-04-26 06:42:33,97.17,
2022-04-26 06:41:33,97.24,
2022-04-26 06:40:33,97.05,
2022-04-26 06:39:33,97.06,
2022-04-26 06:38:33,97.26,
2022-04-26 06:37:33,97.07,
2022-04-26 06:36:33,96.89,
2022-04-26 06:35:34,96.84,
2022-04-26 06:34:34,96.81,
2022-04-26 06:33:34,96.84,
2022-04-26 06:32:34,96.74,
2022-04-26 06:31:34,96.73,
2022-04-26 06:30:34,96.53,
2022-04-26 06:29:34,96.72,
2022-04-26 06:28:34,96.54,
2022-04-26 06:27:34,96.39,
2022-04-26 06:26:35,96.93,
2022-04-26 06:25:35,97.04,
2022-04-26 06:24:35,96.95,
2022-04-26 06:23:35,97.15,
2022-04-26 06:22:35,96.68,
2022-04-26 06:21:35,97.66,
2022-04-26 06:20:35,96.37,
2022-04-26 06:19:35,96.44,
2022-04-26 06:18:35,96.78,
2022-04-26 06:17:36,96.18,
2022-04-26 06:16:36,97.66,
2022-04-26 06:15:36,99.17,
2022-04-26 06:14:36,99.55,
2022-04-26 06:13:36,100.0,
2022-04-26 06:12:36,100.0,
2022-04-26 06:11:36,99.98,
2022-04-26 06:10:36,96.29,
2022-04-26 06:09:37,97.44,
2022-04-26 06:08:37,99.3,
2022-04-26 06:07:37,99.14,
2022-04-26 06:06:37,99.28,
2022-04-26 06:05:37,99.1,
2022-04-26 06:04:37,99.17,
2022-04-26 06:03:37,99.6,
2022-04-26 06:02:37,99.61,
2022-04-26 06:01:38,99.42,
2022-04-26 06:00:38,99.4,
2022-04-26 05:59:38,98.31,
2022-04-26 05:58:38,99.78,
2022-04-26 05:57:38,99.49,
2022-04-26 05:56:38,100.0,
2022-04-26 05:55:38,99.99,
2022-04-26 05:54:38,98.17,
2022-04-26 05:53:38,99.86,
2022-04-26 05:52:39,100.0,
2022-04-26 05:51:39,99.82,
2022-04-26 05:50:39,99.74,
2022-04-26 05:49:39,99.21,
2022-04-26 05:48:39,98.82,
2022-04-26 05:47:39,98.65,
2022-04-26 05:46:39,99.63,
2022-04-26 05:45:39,98.3,
2022-04-26 05:44:39,97.54,
2022-04-26 05:43:40,98.2,
2022-04-26 05:42:39,97.77,
2022-04-26 05:41:40,96.92,
2022-04-26 05:40:40,95.82,
2022-04-26 05:39:40,92.97,
2022-04-26 05:38:40,94.68,
2022-04-26 05:37:40,94.72,
2022-04-26 05:36:40,93.94,
2022-04-26 05:35:40,93.62,
2022-04-26 05:34:40,93.6,
2022-04-26 05:33:40,95.56,
2022-04-26 05:32:41,96.74,
2022-04-26 05:31:41,97.99,
2022-04-26 05:30:41,99.56,
2022-04-26 05:29:41,99.54,
2022-04-26 05:28:41,99.72,
2022-04-26 05:27:41,99.65,
2022-04-26 05:26:41,99.38,
2022-04-26 05:25:41,99.39,
2022-04-26 05:24:41,99.47,
2022-04-26 05:23:42,99.53,
2022-04-26 05:22:42,99.46,
2022-04-26 05:21:42,99.15,
2022-04-26 05:20:42,99.35,
2022-04-26 05:19:42,99.6,
2022-04-26 05:18:42,99.38,
2022-04-26 05:17:42,99.3,
2022-04-26 05:16:42,99.47,
2022-04-26 05:15:42,99.45,
2022-04-26 05:14:43,99.37,
2022-04-26 05:13:43,99.65,
2022-04-26 05:12:43,99.45,
2022-04-26 05:11:43,98.63,
2022-04-26 05:10:43,99.46,
2022-04-26 05:09:43,99.33,
2022-04-26 05:08:43,99.51,
2022-04-26 05:07:43,98.75,
2022-04-26 05:06:44,99.4,
2022-04-26 05:05:44,99.4,
2022-04-26 05:04:44,99.22,
2022-04-26 05:03:44,99.58,
2022-04-26 05:02:44,99.07,
2022-04-26 05:01:44,99.24,
2022-04-26 05:00:44,99.57,
2022-04-26 04:59:44,98.19,
2022-04-26 04:58:44,97.16,
2022-04-26 04:57:45,97.91,
2022-04-26 04:56:45,98.15,
2022-04-26 04:55:45,97.74,
2022-04-26 04:54:45,97.17,
2022-04-26 04:53:45,98.99,
2022-04-26 04:52:45,97.52,
2022-04-26 04:51:45,98.97,
2022-04-26 04:50:45,98.94,
2022-04-26 04:49:45,98.48,
2022-04-26 04:48:46,98.74,
2022-04-26 04:47:46,98.75,
2022-04-26 04:46:46,98.16,
2022-04-26 04:45:46,97.97,
2022-04-26 04:44:46,99.92,
2022-04-26 04:43:46,99.98,
2022-04-26 04:42:46,99.76,
2022-04-26 04:41:46,99.19,
2022-04-26 04:40:46,99.6,
2022-04-26 04:39:47,99.88,
2022-04-26 04:38:47,99.12,
2022-04-26 04:37:47,98.33,
2022-04-26 04:36:47,99.0,
2022-04-26 04:35:47,98.74,
2022-04-26 04:34:47,97.74,
2022-04-26 04:33:47,99.57,
2022-04-26 04:32:47,98.96,
2022-04-26 04:31:47,99.01,
2022-04-26 04:30:48,98.18,
2022-04-26 04:29:48,98.72,
2022-04-26 04:28:48,99.56,
2022-04-26 04:27:48,99.34,
2022-04-26 04:26:48,98.62,
2022-04-26 04:25:48,98.32,
2022-04-26 04:24:48,96.7,
2022-04-26 04:23:48,97.09,
2022-04-26 04:22:48,94.31,
2022-04-26 04:21:49,97.12,
2022-04-26 04:20:49,98.65,
2022-04-26 04:19:49,98.46,
2022-04-26 04:18:49,98.25,
2022-04-26 04:17:49,98.24,
2022-04-26 04:16:49,98.68,
2022-04-26 04:15:49,98.41,
2022-04-26 04:14:49,98.8,
2022-04-26 04:13:49,98.66,
2022-04-26 04:12:49,98.56,
2022-04-26 04:11:49,98.69,
2022-04-26 04:10:49,98.71,
2022-04-26 04:09:49,98.35,
2022-04-26 04:08:50,98.44,
2022-04-26 04:07:50,98.63,
2022-04-26 04:06:50,98.1,
2022-04-26 04:05:50,98.22,
2022-04-26 04:04:50,98.51,
2022-04-26 04:03:50,98.73,
2022-04-26 04:02:50,98.15,
2022-04-26 04:01:50,98.5,
2022-04-26 04:00:50,98.78,
2022-04-26 03:59:51,98.66,
2022-04-26 03:58:51,98.4,
2022-04-26 03:57:51,98.76,
2022-04-26 03:56:51,98.42,
2022-04-26 03:55:51,98.13,
2022-04-26 03:54:51,98.37,
2022-04-26 03:53:51,98.54,
2022-04-26 03:52:51,98.61,
2022-04-26 03:51:51,98.49,
2022-04-26 03:50:52,98.35,
2022-04-26 03:49:52,98.61,
2022-04-26 03:48:52,98.17,
2022-04-26 03:47:52,98.19,
2022-04-26 03:46:52,98.33,
2022-04-26 03:45:52,99.24,
2022-04-26 03:44:53,98.72,
2022-04-26 03:43:53,98.28,
2022-04-26 03:42:53,99.1,
2022-04-26 03:41:53,98.48,
2022-04-26 03:40:53,98.83,
2022-04-26 03:39:53,98.69,
2022-04-26 03:38:44,98.48,
2022-04-26 03:37:44,98.56,
2022-04-26 03:36:44,98.31,
2022-04-26 03:35:44,98.07,
2022-04-26 03:34:44,98.41,
2022-04-26 03:33:44,98.58,
2022-04-26 03:32:44,98.01,
2022-04-26 03:31:44,98.27,
2022-04-26 03:30:45,98.58,
2022-04-26 03:29:45,97.84,
2022-04-26 03:28:45,98.22,
2022-04-26 03:22:57,97.57,
2022-04-26 03:21:57,98.0,
2022-04-26 03:20:57,98.12,
2022-04-26 03:19:58,97.2,
2022-04-26 03:18:58,98.21,
2022-04-26 03:17:58,97.6,
2022-04-26 03:16:58,97.12,
2022-04-26 03:15:58,97.08,
2022-04-26 03:14:58,97.55,
2022-04-26 03:13:58,97.85,
2022-04-26 03:12:58,98.05,
2022-04-26 03:11:58,99.66,
2022-04-26 03:10:58,100.0,
2022-04-26 03:09:59,98.66,
2022-04-26 03:08:59,95.96,
2022-04-26 03:07:59,97.53,
2022-04-26 03:06:59,97.98,
2022-04-26 03:05:59,96.67,
2022-04-26 03:04:59,97.66,
2022-04-26 03:03:59,97.36,
2022-04-26 03:02:59,97.87,
2022-04-26 03:01:59,98.37,
2022-04-26 03:01:00,99.24,
2022-04-26 03:00:00,98.48,
2022-04-26 02:59:00,99.03,
2022-04-26 02:58:00,98.85,
2022-04-26 02:57:00,98.36,
2022-04-26 02:56:00,98.25,
2022-04-26 02:55:00,98.3,
2022-04-26 02:54:00,98.7,
2022-04-26 02:53:00,99.1,
2022-04-26 02:52:00,98.23,
2022-04-26 02:51:01,97.78,
2022-04-26 02:50:01,97.63,
2022-04-26 02:49:01,97.2,
2022-04-26 02:48:01,98.03,
2022-04-26 02:47:01,98.36,
2022-04-26 02:46:01,97.88,
2022-04-26 02:45:01,97.63,
2022-04-26 02:44:01,97.13,
2022-04-26 02:43:01,99.51,
2022-04-26 02:42:02,98.9,
2022-04-26 02:41:02,99.4,
2022-04-26 02:40:02,99.95,
2022-04-26 02:39:02,98.56,
2022-04-26 02:38:02,98.73,
2022-04-26 02:37:02,99.07,
2022-04-26 02:36:02,97.82,
2022-04-26 02:35:02,98.45,
2022-04-26 02:34:02,98.51,
2022-04-26 02:33:03,98.78,
2022-04-26 02:32:03,98.57,
2022-04-26 02:31:03,97.96,
2022-04-26 02:30:03,98.79,
2022-04-26 02:29:03,98.3,
2022-04-26 02:28:03,98.31,
2022-04-26 02:27:03,96.95,
2022-04-26 02:26:03,98.23,
2022-04-26 02:25:03,98.36,
2022-04-26 02:24:04,98.41,
2022-04-26 02:23:04,97.97,
2022-04-26 02:22:04,97.93,
2022-04-26 02:21:04,98.37,
2022-04-26 02:20:04,99.08,
2022-04-26 02:19:04,98.92,
2022-04-26 02:18:04,97.74,
2022-04-26 02:17:04,97.98,
2022-04-26 02:16:04,97.86,
2022-04-26 02:15:04,98.12,
2022-04-26 02:14:05,98.41,
2022-04-26 02:13:05,97.84,
2022-04-26 02:12:05,97.49,
2022-04-26 02:11:05,98.04,
2022-04-26 02:10:05,98.44,
2022-04-26 02:09:05,98.0,
2022-04-26 02:08:05,97.98,
2022-04-26 02:07:05,97.99,
2022-04-26 02:06:05,97.11,
2022-04-26 02:05:06,97.8,
2022-04-26 02:04:06,97.75,
2022-04-26 02:03:06,97.61,
2022-04-26 02:02:06,97.74,
2022-04-26 02:01:06,97.07,
2022-04-26 02:00:06,97.91,
2022-04-26 01:59:06,97.8,
2022-04-26 01:58:06,97.8,
2022-04-26 01:57:06,97.54,
2022-04-26 01:56:07,97.22,
2022-04-26 01:55:07,97.7,
2022-04-26 01:54:07,97.85,
2022-04-26 01:53:07,97.92,
2022-04-26 01:52:07,99.16,
2022-04-26 01:51:07,95.97,
2022-04-26 01:50:07,95.64,
2022-04-26 01:49:07,95.72,
2022-04-26 01:48:07,95.8,
2022-04-26 01:47:08,95.4,
2022-04-26 01:46:08,95.42,
2022-04-26 01:45:08,97.54,
2022-04-26 01:44:08,98.21,
2022-04-26 01:43:08,98.75,
2022-04-26 01:42:08,98.1,
2022-04-26 01:41:08,96.83,
2022-04-26 01:40:08,95.91,
2022-04-26 01:39:08,96.06,
2022-04-26 01:38:09,97.79,
2022-04-26 01:37:09,97.8,
2022-04-26 01:36:09,98.6,
2022-04-26 01:35:09,98.72,
2022-04-26 01:34:09,99.33,
2022-04-26 01:33:09,99.06,
2022-04-26 01:32:09,99.06,
2022-04-26 01:31:09,99.23,
2022-04-26 01:30:09,98.84,
2022-04-26 01:29:10,98.63,
2022-04-26 01:28:10,98.54,
2022-04-26 01:27:10,98.73,
2022-04-26 01:26:10,98.96,
2022-04-26 01:25:10,99.54,
2022-04-26 01:24:10,99.52,
2022-04-26 01:23:10,99.22,
2022-04-26 01:22:10,99.17,
2022-04-26 01:21:10,97.94,
2022-04-26 01:20:11,98.96,
2022-04-26 01:19:11,98.94,
2022-04-26 01:18:11,92.29,
2022-04-26 01:17:11,94.62,
2022-04-26 01:16:11,95.37,
2022-04-26 01:15:11,96.95,
2022-04-26 01:14:11,97.27,
2022-04-26 01:13:11,97.71,
2022-04-26 01:12:11,98.13,
2022-04-26 01:11:11,97.88,
2022-04-26 01:10:11,98.42,
2022-04-26 01:09:11,98.68,
2022-04-26 01:08:11,98.6,
2022-04-26 01:07:12,98.15,
2022-04-26 01:06:12,98.31,
2022-04-26 01:05:12,97.93,
2022-04-26 01:04:12,98.66,
2022-04-26 01:03:12,98.98,
2022-04-26 01:02:12,99.35,
2022-04-26 01:01:12,99.03,
2022-04-26 01:00:12,99.21,
2022-04-26 00:59:12,99.02,
2022-04-26 00:58:13,99.04,
2022-04-26 00:57:13,98.86,
2022-04-26 00:56:13,98.73,
2022-04-26 00:55:13,98.76,
2022-04-26 00:54:13,99.03,
2022-04-26 00:53:13,99.12,
2022-04-26 00:52:13,99.85,
2022-04-26 00:51:13,99.1,
2022-04-26 00:50:13,99.58,
2022-04-26 00:49:14,99.56,
2022-04-26 00:48:14,99.11,
2022-04-26 00:47:14,99.57,
2022-04-26 00:46:14,99.31,
2022-04-26 00:45:14,99.42,
2022-04-26 00:44:14,99.39,
2022-04-26 00:43:14,99.48,
2022-04-26 00:42:14,99.69,
2022-04-26 00:41:14,99.2,
2022-04-26 00:40:15,99.39,
2022-04-26 00:39:15,99.16,
2022-04-26 00:38:15,98.72,
2022-04-26 00:37:15,99.16,
2022-04-25 13:12:57,97.12,
2022-04-25 13:11:57,96.46,
2022-04-25 13:10:58,98.29,
2022-04-25 13:09:58,95.81,
2022-04-25 13:08:58,95.75,
2022-04-25 13:07:58,95.86,
2022-04-25 13:06:58,96.55,
2022-04-25 13:05:58,98.57,
2022-04-25 13:04:58,96.41,
2022-04-25 13:03:58,96.52,
2022-04-25 13:02:58,97.29,
2022-04-25 12:57:09,97.53,
2022-04-25 12:56:10,97.03,
2022-04-25 12:55:10,97.18,
2022-04-25 12:54:10,97.52,
2022-04-25 12:53:10,96.83,
2022-04-25 12:52:10,98.02,
2022-04-25 12:49:30,97.15,
2022-04-25 12:48:30,97.22,
2022-04-25 12:47:30,98.02,
2022-04-25 12:46:30,97.52,
2022-04-25 09:39:09,98.95,
2022-04-25 09:38:09,97.94,
2022-04-25 09:37:09,98.78,
2022-04-25 09:36:10,97.04,
2022-04-25 09:35:10,97.29,
2022-04-25 09:34:10,99.39,
2022-04-25 09:33:10,99.93,
2022-04-25 09:32:10,99.38,
2022-04-25 09:31:10,99.44,
2022-04-25 09:30:10,99.48,
2022-04-25 09:29:10,99.59,
2022-04-25 09:28:10,99.27,
2022-04-25 09:27:11,98.24,
2022-04-25 09:26:11,97.11,
2022-04-25 09:25:11,96.89,
2022-04-25 09:24:11,95.45,
2022-04-25 09:23:11,96.3,
2022-04-25 09:22:11,96.63,
2022-04-25 09:21:11,98.33,
2022-04-25 09:20:11,98.52,
2022-04-25 09:19:11,98.92,
2022-04-25 09:18:12,99.4,
2022-04-25 09:17:12,99.07,
2022-04-25 09:16:12,99.38,
2022-04-25 09:15:12,99.42,
2022-04-25 09:14:12,99.36,
2022-04-25 09:13:12,99.53,
2022-04-25 09:12:12,99.44,
2022-04-25 09:11:12,99.42,
2022-04-25 09:10:12,99.32,
2022-04-25 09:09:13,99.34,
2022-04-25 09:08:13,99.44,
2022-04-25 09:07:13,99.42,
2022-04-25 09:06:13,99.49,
2022-04-25 09:05:13,99.46,
2022-04-25 09:04:13,99.3,
2022-04-25 09:03:13,98.61,
2022-04-25 09:02:13,95.63,
2022-04-25 09:01:13,96.17,
2022-04-25 09:00:14,95.88,
2022-04-25 08:59:14,96.91,
2022-04-25 08:58:14,97.16,
2022-04-25 08:57:14,96.23,
2022-04-25 08:56:14,96.67,
2022-04-25 08:55:14,98.45,
2022-04-25 08:54:14,99.1,
2022-04-25 08:53:14,98.8,
2022-04-25 08:52:14,99.08,
2022-04-25 08:51:15,98.92,
2022-04-25 08:50:15,99.37,
2022-04-25 08:49:15,98.95,
2022-04-25 08:48:15,99.32,
2022-04-25 08:47:15,98.78,
2022-04-25 08:46:15,99.0,
2022-04-25 08:45:15,98.46,
2022-04-25 08:44:15,98.98,
2022-04-25 08:43:15,99.38,
2022-04-25 08:42:16,99.51,
2022-04-25 08:41:16,98.89,
2022-04-25 08:40:16,98.57,
2022-04-25 08:39:16,97.75,
2022-04-25 08:38:16,98.19,
2022-04-25 08:37:16,98.46,
2022-04-25 08:36:16,98.47,
2022-04-25 08:35:16,99.01,
2022-04-25 08:34:16,99.71,
2022-04-25 08:33:17,99.75,
2022-04-25 08:32:17,99.45,
2022-04-25 08:31:17,99.85,
2022-04-25 08:30:17,99.83,
2022-04-25 08:29:17,99.72,
2022-04-25 08:28:17,99.97,
2022-04-25 08:27:17,99.53,
2022-04-25 08:26:17,99.82,
2022-04-25 08:25:17,99.95,
2022-04-25 08:24:18,99.93,
2022-04-25 08:23:18,97.64,
2022-04-25 08:22:18,98.33,
2022-04-25 08:21:18,98.21,
2022-04-25 08:20:18,97.42,
2022-04-25 08:19:18,98.66,
2022-04-25 08:18:18,99.6,
2022-04-25 08:17:18,98.75,
2022-04-25 08:16:18,98.01,
2022-04-25 08:15:19,99.42,
2022-04-25 08:14:19,97.46,
2022-04-25 08:13:19,98.32,
2022-04-25 08:12:19,98.39,
2022-04-25 08:11:19,96.53,
2022-04-25 08:10:19,97.51,
2022-04-25 08:09:19,97.29,
2022-04-25 08:08:19,99.76,
2022-04-25 08:07:19,100.0,
2022-04-25 08:06:20,99.96,
2022-04-25 08:05:20,98.61,
2022-04-25 08:04:20,99.59,
2022-04-25 08:03:20,96.69,
2022-04-25 08:02:20,93.54,
2022-04-25 08:01:20,94.59,
2022-04-25 08:00:20,94.74,
2022-04-25 07:59:20,95.01,
2022-04-25 07:58:20,97.32,
2022-04-25 07:57:21,98.39,
2022-04-25 07:56:21,98.33,
2022-04-25 07:55:21,97.54,
2022-04-25 07:54:21,96.12,
2022-04-25 07:53:21,94.99,
2022-04-25 07:52:21,95.49,
2022-04-25 07:51:21,96.38,
2022-04-25 07:50:21,95.05,
2022-04-25 07:49:21,96.18,
2022-04-25 07:48:22,95.38,
2022-04-25 07:47:22,96.22,
2022-04-25 07:46:22,95.65,
2022-04-25 07:45:22,95.44,
2022-04-25 07:44:22,95.28,
2022-04-25 07:43:22,95.55,
2022-04-25 07:42:22,95.9,
2022-04-25 07:41:22,95.93,
2022-04-25 07:40:22,96.84,
2022-04-25 07:39:23,96.11,
2022-04-25 07:38:23,96.82,
2022-04-25 07:37:23,96.23,
2022-04-25 07:36:23,95.89,
2022-04-25 07:35:23,94.97,
2022-04-25 07:34:23,96.32,
2022-04-25 07:33:23,94.78,
2022-04-25 07:32:23,93.76,
2022-04-25 07:31:23,96.8,
2022-04-25 07:30:24,94.9,
2022-04-25 07:29:24,95.9,
2022-04-25 07:28:24,98.46,
2022-04-25 07:27:24,97.85,
2022-04-25 07:26:24,96.92,
2022-04-25 07:25:24,96.42,
2022-04-25 07:24:24,98.45,
2022-04-25 07:23:24,96.24,
2022-04-25 07:22:24,96.37,
2022-04-25 07:21:25,98.59,
2022-04-25 07:20:25,97.86,
2022-04-25 07:19:25,98.09,
2022-04-25 07:18:25,97.75,
2022-04-25 07:17:25,95.73,
2022-04-25 07:16:25,95.79,
2022-04-25 07:15:25,97.72,
2022-04-25 07:14:25,96.12,
2022-04-25 07:13:25,96.64,
2022-04-25 07:12:26,95.2,
2022-04-25 07:11:26,97.03,
2022-04-25 07:09:28,98.83,
2022-04-25 07:08:28,99.31,
2022-04-25 07:07:28,99.55,
2022-04-25 07:06:29,99.36,
2022-04-25 07:05:29,99.81,
2022-04-25 07:04:29,97.57,
2022-04-25 07:03:29,93.69,
2022-04-25 07:02:29,95.37,
2022-04-25 07:01:29,92.64,
2022-04-25 07:00:29,96.29,
2022-04-25 06:54:34,94.71,
2022-04-25 06:53:34,96.83,
2022-04-25 06:52:34,99.0,
2022-04-25 06:51:34,99.86,
2022-04-25 06:50:34,99.26,
2022-04-25 06:49:34,97.73,
2022-04-25 06:48:34,98.16,
2022-04-25 06:47:34,99.2,
2022-04-25 06:46:34,99.11,
2022-04-25 06:45:35,98.4,
2022-04-25 06:44:35,96.23,
2022-04-25 06:43:35,94.83,
2022-04-25 06:42:35,94.4,
2022-04-25 06:41:35,95.77,
2022-04-25 06:40:35,97.67,
2022-04-25 06:39:35,99.31,
2022-04-25 06:38:35,96.7,
2022-04-25 06:37:35,97.14,
2022-04-25 06:36:36,95.05,
2022-04-25 06:35:36,95.46,
2022-04-25 06:34:36,97.23,
2022-04-25 06:33:36,95.13,
2022-04-25 06:32:36,96.08,
2022-04-25 06:31:36,96.34,
2022-04-25 06:30:36,96.6,
2022-04-25 06:29:36,95.0,
2022-04-25 06:28:36,96.77,
2022-04-25 06:27:37,98.17,
2022-04-25 06:26:37,98.46,
2022-04-25 06:25:37,97.59,
2022-04-25 06:24:37,96.9,
2022-04-25 06:23:37,97.97,
2022-04-25 06:22:37,99.53,
2022-04-25 06:21:37,99.11,
2022-04-25 06:20:37,98.86,
2022-04-25 06:19:37,97.41,
2022-04-25 06:18:38,98.05,
2022-04-25 06:17:38,96.45,
2022-04-25 06:16:38,95.38,
2022-04-25 06:15:38,94.11,
2022-04-25 06:14:38,93.24,
2022-04-25 06:13:38,96.43,
2022-04-25 06:12:38,95.97,
2022-04-25 06:11:38,95.5,
2022-04-25 06:10:38,95.32,
2022-04-25 06:09:39,94.28,
2022-04-25 06:08:39,95.89,
2022-04-25 06:07:39,94.91,
2022-04-25 06:06:39,94.64,
2022-04-25 06:05:39,94.72,
2022-04-25 06:04:39,94.88,
2022-04-25 06:03:39,93.81,
2022-04-25 06:02:39,94.54,
2022-04-25 06:01:39,94.53,
2022-04-25 06:00:40,94.58,
2022-04-25 05:59:40,94.65,
2022-04-25 05:58:40,95.07,
2022-04-25 05:57:40,95.95,
2022-04-25 05:56:40,95.1,
2022-04-25 05:55:40,95.22,
2022-04-25 05:54:40,93.53,
2022-04-25 05:53:40,91.14,
2022-04-25 05:52:40,94.25,
2022-04-25 05:51:41,93.92,
2022-04-25 05:50:41,94.31,
2022-04-25 05:49:41,94.17,
2022-04-25 05:48:41,94.78,
2022-04-25 05:47:41,94.96,
2022-04-25 05:46:41,95.41,
2022-04-25 05:45:41,96.15,
2022-04-25 05:44:41,96.62,
2022-04-25 05:43:41,96.78,
2022-04-25 05:42:42,96.73,
2022-04-25 05:41:42,96.82,
2022-04-25 05:40:42,97.14,
2022-04-25 05:39:42,94.53,
2022-04-25 05:38:42,95.15,
2022-04-25 05:37:42,96.76,
2022-04-25 05:36:42,97.56,
2022-04-25 05:35:42,97.98,
2022-04-25 05:34:42,97.86,
2022-04-25 05:33:42,96.34,
2022-04-25 05:32:43,94.72,
2022-04-25 05:31:43,96.4,
2022-04-25 05:30:43,95.99,
2022-04-25 05:29:43,95.62,
2022-04-25 05:28:43,94.34,
2022-04-25 05:27:43,97.37,
2022-04-25 05:26:43,96.24,
2022-04-25 05:25:43,96.49,
2022-04-25 05:24:43,96.15,
2022-04-25 05:23:44,97.02,
2022-04-25 05:22:44,96.06,
2022-04-25 05:21:44,94.88,
2022-04-25 05:20:44,95.4,
2022-04-25 05:19:44,95.16,
2022-04-25 05:18:44,96.56,
2022-04-25 05:17:44,94.95,
2022-04-25 05:16:44,97.78,
2022-04-25 05:15:44,98.64,
2022-04-25 05:14:45,98.77,
2022-04-25 05:13:45,98.88,
2022-04-25 05:12:45,98.24,
2022-04-25 05:11:45,98.58,
2022-04-25 05:10:45,98.22,
2022-04-25 05:09:45,98.65,
2022-04-25 05:08:45,98.36,
2022-04-25 05:07:45,97.57,
2022-04-25 05:06:45,95.44,
2022-04-25 05:05:46,97.79,
2022-04-25 05:04:46,97.54,
2022-04-25 05:03:46,97.63,
2022-04-25 05:02:46,98.28,
2022-04-25 05:01:46,96.77,
2022-04-25 05:00:46,96.54,
2022-04-25 04:59:46,98.77,
2022-04-25 04:58:46,96.64,
2022-04-25 04:57:46,96.98,
2022-04-25 04:56:47,97.09,
2022-04-25 04:55:47,97.25,
2022-04-25 04:54:47,96.94,
2022-04-25 04:53:47,98.18,
2022-04-25 04:52:47,98.66,
2022-04-25 04:51:47,98.44,
2022-04-25 04:50:47,98.59,
2022-04-25 04:49:47,98.53,
2022-04-25 04:48:47,98.57,
2022-04-25 04:47:48,98.81,
2022-04-25 04:46:48,98.56,
2022-04-25 04:45:48,98.78,
2022-04-25 04:44:48,98.84,
2022-04-25 04:43:48,98.38,
2022-04-25 04:42:48,98.04,
2022-04-25 04:41:48,97.1,
2022-04-25 04:40:48,97.34,
2022-04-25 04:39:48,96.83,
2022-04-25 04:38:49,96.57,
2022-04-25 04:37:49,97.02,
2022-04-25 04:36:49,96.56,
2022-04-25 04:35:49,96.91,
2022-04-25 04:34:49,97.2,
2022-04-25 04:33:49,96.85,
2022-04-25 04:32:49,96.76,
2022-04-25 04:31:49,96.9,
2022-04-25 04:30:49,96.54,
2022-04-25 04:29:50,96.92,
2022-04-25 04:28:50,96.93,
2022-04-25 04:27:50,96.86,
2022-04-25 04:26:50,97.02,
2022-04-25 04:25:50,96.87,
2022-04-25 04:24:50,98.14,
2022-04-25 04:23:50,97.22,
2022-04-25 04:22:50,96.75,
2022-04-25 04:21:50,96.3,
2022-04-25 04:20:51,96.7,
2022-04-25 04:19:51,97.05,
2022-04-25 04:18:51,97.09,
2022-04-25 04:17:51,96.17,
2022-04-25 04:16:51,97.24,
2022-04-25 04:15:51,96.94,
2022-04-25 04:14:51,96.79,
2022-04-25 04:13:51,97.32,
2022-04-25 04:12:51,98.05,
2022-04-25 04:11:52,97.2,
2022-04-25 04:10:52,97.14,
2022-04-25 04:09:52,97.46,
2022-04-25 04:08:52,97.45,
2022-04-25 04:07:52,98.03,
2022-04-25 04:06:52,95.66,
2022-04-25 04:05:52,96.77,
2022-04-25 04:04:52,98.61,
2022-04-25 04:03:52,95.6,
2022-04-25 04:02:53,98.33,
2022-04-25 04:01:53,98.98,
2022-04-25 04:00:53,98.88,
2022-04-25 03:59:53,99.63,
2022-04-25 03:58:53,99.64,
2022-04-25 03:57:53,99.22,
2022-04-25 03:56:53,99.45,
2022-04-25 03:55:53,97.56,
2022-04-25 03:54:53,97.45,
2022-04-25 03:53:54,94.7,
2022-04-25 03:52:54,99.27,
2022-04-25 03:51:54,99.86,
2022-04-25 03:50:54,99.35,
2022-04-25 03:49:54,99.42,
2022-04-25 03:48:54,94.24,
2022-04-25 03:47:54,92.91,
2022-04-25 03:46:54,95.88,
2022-04-25 03:45:54,97.0,
2022-04-25 03:44:55,98.58,
2022-04-25 03:43:55,94.59,
2022-04-25 03:42:55,93.81,
2022-04-25 03:41:55,95.07,
2022-04-25 03:40:55,95.15,
2022-04-25 03:39:55,95.55,
2022-04-25 03:38:55,93.82,
2022-04-25 03:37:55,97.96,
2022-04-25 03:36:55,96.66,
2022-04-25 03:35:56,97.27,
2022-04-25 03:34:56,96.09,
2022-04-25 03:33:56,96.34,
2022-04-25 03:32:56,97.63,
2022-04-25 03:31:56,97.36,
2022-04-25 03:30:56,96.95,
2022-04-25 03:29:56,98.34,
2022-04-25 03:28:56,98.82,
2022-04-25 03:27:56,98.58,
2022-04-25 03:26:57,98.67,
2022-04-25 03:25:57,98.63,
2022-04-25 03:24:57,98.52,
2022-04-25 03:23:57,98.35,
2022-04-25 03:22:57,98.43,
2022-04-25 03:21:57,98.6,
2022-04-25 03:20:57,98.8,
2022-04-25 03:19:57,99.19,
2022-04-25 03:18:58,99.4,
2022-04-25 03:17:58,99.44,
2022-04-25 03:16:58,99.45,
2022-04-25 03:15:58,99.31,
2022-04-25 03:14:58,99.44,
2022-04-25 03:13:58,99.28,
2022-04-25 03:12:58,99.38,
2022-04-25 03:11:58,99.24,
2022-04-25 03:10:58,99.34,
2022-04-25 03:09:59,99.28,
2022-04-25 03:08:59,99.4,
2022-04-25 03:07:59,99.33,
2022-04-25 03:06:59,99.48,
2022-04-25 03:05:59,99.45,
2022-04-25 03:04:59,99.04,
2022-04-25 03:03:59,99.33,
2022-04-25 03:02:59,99.37,
2022-04-25 03:01:59,99.06,
2022-04-25 03:01:00,99.45,
2022-04-25 03:00:00,99.39,
2022-04-25 02:59:00,99.34,
2022-04-25 02:58:00,99.08,
2022-04-25 02:57:00,99.47,
2022-04-25 02:56:00,99.02,
2022-04-25 02:55:00,98.97,
2022-04-25 02:54:00,99.06,
2022-04-25 02:53:00,98.92,
2022-04-25 02:52:01,99.15,
2022-04-25 02:51:01,98.92,
2022-04-25 02:50:01,98.9,
2022-04-25 02:49:01,98.63,
2022-04-25 02:48:01,99.35,
2022-04-25 02:47:01,98.7,
2022-04-25 02:46:01,99.13,
2022-04-25 02:45:01,99.07,
2022-04-25 02:44:01,99.13,
2022-04-25 02:43:02,99.09,
2022-04-25 02:42:02,98.97,
2022-04-25 02:41:02,99.06,
2022-04-25 02:40:02,98.76,
2022-04-25 02:39:02,98.97,
2022-04-25 02:22:20,98.39,
2022-04-25 02:21:20,98.72,
2022-04-25 02:20:20,97.91,
2022-04-25 02:19:20,98.06,
2022-04-25 02:18:20,97.23,
2022-04-25 02:17:20,97.66,
2022-04-25 02:16:20,97.98,
2022-04-25 02:15:21,97.34,
2022-04-25 02:14:21,96.08,
2022-04-25 02:13:21,97.44,
2022-04-25 02:06:16,98.47,
2022-04-25 02:05:16,98.48,
2022-04-25 02:04:16,99.35,
2022-04-25 02:03:16,98.3,
2022-04-25 01:01:38,97.29,
2022-04-25 01:00:37,98.46,
2022-04-25 00:52:45,95.65,
2022-04-23 09:44:33,97.58,
2022-04-23 09:39:18,99.72,
2022-04-23 09:38:18,99.02,
2022-04-23 09:37:18,99.04,
2022-04-23 09:36:18,95.73,
2022-04-23 09:35:18,97.57,
2022-04-23 09:34:18,97.02,
2022-04-23 09:33:18,95.64,
2022-04-23 09:32:18,99.16,
2022-04-23 09:31:19,98.05,
2022-04-23 09:30:19,98.39,
2022-04-23 09:29:19,98.06,
2022-04-23 09:28:19,98.3,
2022-04-23 09:27:19,98.58,
2022-04-23 09:26:19,98.2,
2022-04-23 09:25:19,97.42,
2022-04-23 09:24:19,97.97,
2022-04-23 09:23:19,97.56,
2022-04-23 09:22:20,97.34,
2022-04-23 09:21:20,98.17,
2022-04-23 09:20:20,97.96,
2022-04-23 09:19:20,98.32,
2022-04-23 09:18:20,98.29,
2022-04-23 09:17:20,98.46,
2022-04-23 09:16:20,98.63,
2022-04-23 09:15:20,97.83,
2022-04-23 09:14:20,97.99,
2022-04-23 09:13:21,97.97,
2022-04-23 09:12:21,98.31,
2022-04-23 09:11:21,98.17,
2022-04-23 09:10:21,98.18,
2022-04-23 09:09:21,98.1,
2022-04-23 09:08:21,98.31,
2022-04-23 09:07:21,98.65,
2022-04-23 09:06:21,98.53,
2022-04-23 09:05:21,98.06,
2022-04-23 09:04:22,98.21,
2022-04-23 09:03:22,98.59,
2022-04-23 09:02:22,99.33,
2022-04-23 09:01:22,99.12,
2022-04-23 09:00:22,99.04,
2022-04-23 08:59:22,99.31,
2022-04-23 08:58:22,99.47,
2022-04-23 08:57:22,99.33,
2022-04-23 08:56:22,99.02,
2022-04-23 08:55:23,98.5,
2022-04-23 08:54:23,97.15,
2022-04-23 08:53:23,97.72,
2022-04-23 08:52:23,97.64,
2022-04-23 08:51:23,97.82,
2022-04-23 08:50:23,98.54,
2022-04-23 08:49:23,98.45,
2022-04-23 08:48:23,98.43,
2022-04-23 08:47:23,98.54,
2022-04-23 08:46:24,96.45,
2022-04-23 08:45:24,98.42,
2022-04-23 08:44:24,97.54,
2022-04-23 08:43:24,98.58,
2022-04-23 08:42:24,97.69,
2022-04-23 08:41:24,97.94,
2022-04-23 08:40:24,98.14,
2022-04-23 08:39:24,98.22,
2022-04-23 08:38:24,97.62,
2022-04-23 08:37:25,97.79,
2022-04-23 08:36:25,97.91,
2022-04-23 08:35:25,98.23,
2022-04-23 08:34:25,96.17,
2022-04-23 08:33:25,97.13,
2022-04-23 08:32:25,98.07,
2022-04-23 08:31:25,98.46,
2022-04-23 08:30:25,97.81,
2022-04-23 08:29:25,98.24,
2022-04-23 08:28:26,98.19,
2022-04-23 08:27:26,97.84,
2022-04-23 08:26:26,98.27,
2022-04-23 08:25:26,98.13,
2022-04-23 08:24:26,97.56,
2022-04-23 08:23:26,97.69,
2022-04-23 08:22:26,97.13,
2022-04-23 08:21:26,98.14,
2022-04-23 08:20:26,97.88,
2022-04-23 08:19:27,94.07,
2022-04-23 08:18:27,95.0,
2022-04-23 08:17:27,95.0,
2022-04-23 08:16:27,95.0,
2022-04-23 08:15:27,95.19,
2022-04-23 08:14:27,96.32,
2022-04-23 08:13:27,98.14,
2022-04-23 08:12:27,96.02,
2022-04-23 08:11:27,95.87,
2022-04-23 08:10:28,96.6,
2022-04-23 08:09:28,97.3,
2022-04-23 08:08:28,97.42,
2022-04-23 08:07:28,97.27,
2022-04-23 08:06:28,97.25,
2022-04-23 08:05:28,97.28,
2022-04-23 08:04:28,98.61,
2022-04-23 08:03:28,99.11,
2022-04-23 08:02:28,99.09,
2022-04-23 08:01:29,99.01,
2022-04-23 08:00:29,97.92,
2022-04-23 07:59:29,98.12,
2022-04-23 07:58:29,98.03,
2022-04-23 07:57:29,98.04,
2022-04-23 07:56:29,98.34,
2022-04-23 07:55:29,97.65,
2022-04-23 07:54:29,98.35,
2022-04-23 07:53:29,98.07,
2022-04-23 07:52:30,97.78,
2022-04-23 07:51:30,97.68,
2022-04-23 07:50:30,97.86,
2022-04-23 07:49:30,97.42,
2022-04-23 07:48:30,97.73,
2022-04-23 07:47:30,97.8,
2022-04-23 07:46:30,97.47,
2022-04-23 07:45:30,97.86,
2022-04-23 07:44:30,97.57,
2022-04-23 07:43:31,98.05,
2022-04-23 07:42:31,97.72,
2022-04-23 07:41:31,97.99,
2022-04-23 07:40:31,98.02,
2022-04-23 07:39:31,97.07,
2022-04-23 07:38:31,97.48,
2022-04-23 07:37:31,97.21,
2022-04-23 07:36:31,97.75,
2022-04-23 07:35:31,98.07,
2022-04-23 07:34:32,96.84,
2022-04-23 07:33:32,97.29,
2022-04-23 07:32:32,97.58,
2022-04-23 07:31:32,97.87,
2022-04-23 07:30:32,96.68,
2022-04-23 07:29:32,95.69,
2022-04-23 07:28:32,96.53,
2022-04-23 07:27:32,95.5,
2022-04-23 07:26:32,95.36,
2022-04-23 07:25:33,95.28,
2022-04-23 07:24:33,96.25,
2022-04-23 07:23:33,95.73,
2022-04-23 07:22:33,95.26,
2022-04-23 07:21:33,96.49,
2022-04-23 07:20:33,96.7,
2022-04-23 07:19:33,97.97,
2022-04-23 07:18:33,98.45,
2022-04-23 07:17:33,97.95,
2022-04-23 07:16:34,98.13,
2022-04-23 07:15:34,97.26,
2022-04-23 07:14:34,98.03,
2022-04-23 07:13:34,97.84,
2022-04-23 07:12:34,98.0,
2022-04-23 07:11:34,98.14,
2022-04-23 07:10:34,97.51,
2022-04-23 07:09:34,96.74,
2022-04-23 07:08:34,97.83,
2022-04-23 07:07:35,97.52,
2022-04-23 07:06:35,97.28,
2022-04-23 07:05:35,97.57,
2022-04-23 07:04:35,97.62,
2022-04-23 07:03:35,97.6,
2022-04-23 07:02:35,97.38,
2022-04-23 07:01:35,98.07,
2022-04-23 07:00:35,97.19,
2022-04-23 06:59:35,96.92,
2022-04-23 06:58:36,97.29,
2022-04-23 06:57:36,97.15,
2022-04-23 06:56:36,97.53,
2022-04-23 06:55:36,96.05,
2022-04-23 06:54:36,96.32,
2022-04-23 06:53:36,96.6,
2022-04-23 06:52:36,98.46,
2022-04-23 06:51:36,98.67,
2022-04-23 06:50:36,98.04,
2022-04-23 06:49:37,97.14,
2022-04-23 06:48:37,98.14,
2022-04-23 06:47:37,99.5,
2022-04-23 06:46:37,98.87,
2022-04-23 06:45:37,99.59,
2022-04-23 06:44:37,99.55,
2022-04-23 06:43:37,98.4,
2022-04-23 06:42:37,98.81,
2022-04-23 06:41:37,97.08,
2022-04-23 06:40:38,96.24,
2022-04-23 06:39:38,96.97,
2022-04-23 06:38:38,96.2,
2022-04-23 06:37:38,95.76,
2022-04-23 06:36:38,95.96,
2022-04-23 06:35:38,95.54,
2022-04-23 06:34:38,95.89,
2022-04-23 06:33:38,95.34,
2022-04-23 06:32:38,95.96,
2022-04-23 06:31:39,95.49,
2022-04-23 06:30:39,95.49,
2022-04-23 06:29:39,95.63,
2022-04-23 06:28:39,95.8,
2022-04-23 06:27:39,95.62,
2022-04-23 06:26:39,95.77,
2022-04-23 06:25:39,95.39,
2022-04-23 06:24:39,95.41,
2022-04-23 06:23:39,95.09,
2022-04-23 06:22:40,95.0,
2022-04-23 06:21:40,95.5,
2022-04-23 06:20:40,95.54,
2022-04-23 06:19:40,95.12,
2022-04-23 06:18:40,95.43,
2022-04-23 06:17:40,94.89,
2022-04-23 06:16:40,95.27,
2022-04-23 06:15:40,95.04,
2022-04-23 06:14:40,95.1,
2022-04-23 06:13:41,94.88,
2022-04-23 06:12:41,94.72,
2022-04-23 06:11:41,94.04,
2022-04-23 06:10:41,94.84,
2022-04-23 06:09:41,94.76,
2022-04-23 06:08:41,93.87,
2022-04-23 06:07:41,95.55,
2022-04-23 06:06:41,94.54,
2022-04-23 06:05:41,94.5,
2022-04-23 06:04:42,94.69,
2022-04-23 06:03:42,94.59,
2022-04-23 06:02:42,94.67,
2022-04-23 06:01:42,94.97,
2022-04-23 06:00:42,94.98,
2022-04-23 05:59:42,95.15,
2022-04-23 05:58:42,94.74,
2022-04-23 05:57:42,94.26,
2022-04-23 05:56:42,94.88,
2022-04-23 05:55:43,95.06,
2022-04-23 05:54:43,95.31,
2022-04-23 05:53:43,95.67,
2022-04-23 05:52:43,95.73,
2022-04-23 05:51:43,96.34,
2022-04-23 05:50:43,98.54,
2022-04-23 05:49:43,97.39,
2022-04-23 05:48:43,99.19,
2022-04-23 05:47:43,99.71,
2022-04-23 05:46:44,99.59,
2022-04-23 05:45:44,98.96,
2022-04-23 05:44:44,99.23,
2022-04-23 05:43:44,98.49,
2022-04-23 05:42:44,99.09,
2022-04-23 05:41:44,98.51,
2022-04-23 05:40:44,97.63,
2022-04-23 05:39:44,95.51,
2022-04-23 05:38:44,96.4,
2022-04-23 05:37:45,98.51,
2022-04-23 05:36:45,98.07,
2022-04-23 05:35:45,98.04,
2022-04-23 05:34:45,98.42,
2022-04-23 05:33:45,98.84,
2022-04-23 05:32:45,97.59,
2022-04-23 05:31:45,97.41,
2022-04-23 05:30:45,96.09,
2022-04-23 05:29:45,98.72,
2022-04-23 05:28:46,97.64,
2022-04-23 05:27:46,99.52,
2022-04-23 05:26:46,97.32,
2022-04-23 05:25:46,97.59,
2022-04-23 05:24:46,95.83,
2022-04-23 05:23:46,97.3,
2022-04-23 05:22:46,97.27,
2022-04-23 05:21:46,97.14,
2022-04-23 05:20:46,97.62,
2022-04-23 05:19:47,97.95,
2022-04-23 05:18:47,97.7,
2022-04-23 05:17:47,97.24,
2022-04-23 05:16:47,97.07,
2022-04-23 05:15:47,97.5,
2022-04-23 05:14:47,97.35,
2022-04-23 05:13:47,96.02,
2022-04-23 05:12:47,96.79,
2022-04-23 05:11:47,96.46,
2022-04-23 05:10:48,95.92,
2022-04-23 05:09:48,96.32,
2022-04-23 05:08:48,96.36,
2022-04-23 05:07:48,96.97,
2022-04-23 05:06:48,96.1,
2022-04-23 05:05:48,96.19,
2022-04-23 05:04:48,96.27,
2022-04-23 05:03:48,97.54,
2022-04-23 05:02:48,97.3,
2022-04-23 05:01:49,94.8,
2022-04-23 05:00:49,98.01,
2022-04-23 04:59:49,97.17,
2022-04-23 04:58:49,97.02,
2022-04-23 04:57:49,97.21,
2022-04-23 04:56:49,96.68,
2022-04-23 04:55:49,96.91,
2022-04-23 04:54:49,96.57,
2022-04-23 04:53:49,96.58,
2022-04-23 04:52:50,96.93,
2022-04-23 04:51:50,97.62,
2022-04-23 04:50:50,97.36,
2022-04-23 04:49:50,97.82,
2022-04-23 04:48:50,98.83,
2022-04-23 04:47:50,97.48,
2022-04-23 04:46:50,98.14,
2022-04-23 04:45:50,98.24,
2022-04-23 04:44:50,98.28,
2022-04-23 04:43:51,98.15,
2022-04-23 04:42:51,98.39,
2022-04-23 04:41:51,98.54,
2022-04-23 04:40:51,98.84,
2022-04-23 04:39:51,98.83,
2022-04-23 04:38:51,98.86,
2022-04-23 04:37:51,98.28,
2022-04-23 04:36:51,98.71,
2022-04-23 04:35:51,99.23,
2022-04-23 04:34:52,97.84,
2022-04-23 04:33:52,98.51,
2022-04-23 04:32:52,98.66,
2022-04-23 04:31:52,99.11,
2022-04-23 04:30:52,99.51,
2022-04-23 04:29:52,98.0,
2022-04-23 04:28:52,98.38,
2022-04-23 04:27:52,97.51,
2022-04-23 04:26:52,99.13,
2022-04-23 04:25:53,99.65,
2022-04-23 04:24:53,98.65,
2022-04-23 04:23:53,98.98,
2022-04-23 04:22:53,99.14,
2022-04-23 04:21:53,99.19,
2022-04-23 04:20:53,99.3,
2022-04-23 04:19:53,98.74,
2022-04-23 04:18:53,99.23,
2022-04-23 04:17:53,99.7,
2022-04-23 04:16:54,99.65,
2022-04-23 04:15:54,98.27,
2022-04-23 04:14:54,97.66,
2022-04-23 04:13:54,96.75,
2022-04-23 04:12:54,96.65,
2022-04-23 04:11:54,98.7,
2022-04-23 04:10:54,99.05,
2022-04-23 04:09:54,98.67,
2022-04-23 04:08:54,99.19,
2022-04-23 04:07:55,98.67,
2022-04-23 04:06:55,98.55,
2022-04-23 04:05:55,98.39,
2022-04-23 04:04:55,98.69,
2022-04-23 04:03:55,98.04,
2022-04-23 04:02:55,98.4,
2022-04-23 04:01:55,98.65,
2022-04-23 04:00:55,97.98,
2022-04-23 03:59:55,98.29,
2022-04-23 03:58:56,98.33,
2022-04-23 03:57:56,97.67,
2022-04-23 03:56:56,97.46,
2022-04-23 03:55:56,97.79,
2022-04-23 03:54:56,98.37,
2022-04-23 03:53:56,98.43,
2022-04-23 03:52:56,98.5,
2022-04-23 03:51:56,98.28,
2022-04-23 03:50:56,98.71,
2022-04-23 03:49:57,98.21,
2022-04-23 03:48:57,99.02,
2022-04-23 03:47:57,99.28,
2022-04-23 03:46:57,97.95,
2022-04-23 03:45:57,97.58,
2022-04-23 03:44:57,97.69,
2022-04-23 03:43:57,97.34,
2022-04-23 03:42:57,97.27,
2022-04-23 03:41:57,97.64,
2022-04-23 03:40:58,97.68,
2022-04-23 03:39:58,97.67,
2022-04-23 03:38:58,97.99,
2022-04-23 03:37:58,98.07,
2022-04-23 03:36:58,99.44,
2022-04-23 03:35:58,99.29,
2022-04-23 03:34:58,98.89,
2022-04-23 03:33:58,99.45,
2022-04-23 03:32:58,99.38,
2022-04-23 03:31:59,98.62,
2022-04-23 03:30:59,99.11,
2022-04-23 03:29:59,99.45,
2022-04-23 03:28:59,99.69,
2022-04-23 03:27:59,99.31,
2022-04-23 03:26:59,99.53,
2022-04-23 03:25:59,99.46,
2022-04-23 03:24:59,99.28,
2022-04-23 03:23:59,99.56,
2022-04-23 03:23:00,99.58,
2022-04-23 03:22:00,99.63,
2022-04-23 03:21:00,99.71,
2022-04-23 03:20:00,99.5,
2022-04-23 03:19:00,99.63,
2022-04-23 03:18:00,99.61,
2022-04-23 03:17:00,99.36,
2022-04-23 03:16:00,99.3,
2022-04-23 03:15:00,99.03,
2022-04-23 03:14:01,99.02,
2022-04-23 03:13:01,98.3,
2022-04-23 03:12:01,98.61,
2022-04-23 03:11:01,99.2,
2022-04-23 03:10:01,99.11,
2022-04-23 03:09:01,98.29,
2022-04-23 03:08:01,98.03,
2022-04-23 03:07:01,98.07,
2022-04-23 03:06:01,98.23,
2022-04-23 03:05:02,98.04,
2022-04-23 03:04:02,98.25,
2022-04-23 03:03:02,98.08,
2022-04-23 03:02:02,97.94,
2022-04-23 03:01:02,97.99,
2022-04-23 03:00:02,97.74,
2022-04-23 02:59:02,97.54,
2022-04-23 02:58:02,98.01,
2022-04-23 02:57:02,97.71,
2022-04-23 02:56:03,96.38,
2022-04-23 02:55:03,96.1,
2022-04-23 02:54:03,94.8,
2022-04-23 02:53:03,95.73,
2022-04-23 02:52:03,95.2,
2022-04-23 02:51:03,95.62,
2022-04-23 02:50:03,95.68,
2022-04-23 02:49:03,95.32,
2022-04-23 02:48:03,95.85,
2022-04-23 02:47:04,95.19,
2022-04-23 02:46:04,94.67,
2022-04-23 02:45:04,95.27,
2022-04-23 02:44:04,95.39,
2022-04-23 02:43:04,94.54,
2022-04-23 02:42:04,95.81,
2022-04-23 02:41:04,95.95,
2022-04-23 02:40:04,96.54,
2022-04-23 02:39:04,95.53,
2022-04-23 02:38:05,99.46,
2022-04-23 02:37:05,98.38,
2022-04-23 02:36:05,97.57,
2022-04-23 02:35:05,98.23,
2022-04-23 02:34:05,98.08,
2022-04-23 02:33:05,98.12,
2022-04-23 02:32:05,99.06,
2022-04-23 02:31:05,98.57,
2022-04-23 02:30:05,98.23,
2022-04-23 02:29:06,98.25,
2022-04-23 02:28:06,97.88,
2022-04-23 02:27:06,98.07,
2022-04-23 02:26:06,98.26,
2022-04-23 02:25:06,98.83,
2022-04-23 02:24:06,98.5,
2022-04-23 02:23:06,98.62,
2022-04-23 02:22:06,98.14,
2022-04-23 02:21:06,97.62,
2022-04-23 02:20:07,97.67,
2022-04-23 02:19:07,97.83,
2022-04-23 02:18:07,97.3,
2022-04-23 02:17:07,97.85,
2022-04-23 02:16:07,98.19,
2022-04-23 02:15:07,99.05,
2022-04-23 02:14:07,98.85,
2022-04-23 02:13:07,97.74,
2022-04-23 02:12:08,98.78,
2022-04-23 02:11:08,98.64,
2022-04-23 02:10:08,98.07,
2022-04-23 02:09:08,97.77,
2022-04-23 02:08:08,98.34,
2022-04-23 02:07:08,98.76,
2022-04-23 02:06:08,98.63,
2022-04-23 02:05:08,98.83,
2022-04-23 02:04:08,97.99,
2022-04-23 02:03:09,96.6,
2022-04-23 02:02:09,98.38,
2022-04-23 02:01:09,98.36,
2022-04-23 02:00:09,98.06,
2022-04-23 01:59:09,96.72,
2022-04-23 01:58:09,97.3,
2022-04-23 01:57:09,97.82,
2022-04-23 01:56:09,96.99,
2022-04-23 01:55:09,97.6,
2022-04-23 01:54:10,98.09,
2022-04-23 01:53:10,96.78,
2022-04-23 01:52:10,98.45,
2022-04-23 01:51:10,97.47,
2022-04-23 01:50:10,97.87,
2022-04-23 01:49:10,98.49,
2022-04-23 01:48:10,98.05,
2022-04-23 01:47:10,97.62,
2022-04-23 01:46:10,97.44,
2022-04-23 01:45:11,97.24,
2022-04-23 01:44:11,97.76,
2022-04-23 01:43:11,97.5,
2022-04-23 01:42:11,97.66,
2022-04-23 01:41:11,98.3,
2022-04-23 01:40:11,97.93,
2022-04-23 01:39:11,99.35,
2022-04-23 01:38:11,97.97,
2022-04-23 01:37:11,98.16,
2022-04-23 01:36:12,98.4,
2022-04-23 01:35:12,98.23,
2022-04-23 01:34:12,98.37,
2022-04-23 01:33:12,98.3,
2022-04-23 01:32:12,98.19,
2022-04-23 01:31:12,98.07,
2022-04-23 01:30:12,98.18,
2022-04-23 01:29:12,98.11,
2022-04-23 01:28:12,97.83,
2022-04-23 01:27:13,97.77,
2022-04-23 01:26:13,97.68,
2022-04-23 01:25:13,97.6,
2022-04-23 01:24:13,97.77,
2022-04-23 01:23:13,97.57,
2022-04-23 01:22:13,97.47,
2022-04-23 01:21:13,97.32,
2022-04-23 01:20:13,97.28,
2022-04-23 01:19:13,98.14,
2022-04-23 01:18:14,98.13,
2022-04-23 01:17:14,97.46,
2022-04-23 01:16:14,97.96,
2022-04-23 01:15:14,96.0,
2022-04-23 01:14:14,95.87,
2022-04-23 01:13:14,96.15,
2022-04-23 01:12:14,95.74,
2022-04-23 01:11:14,95.8,
2022-04-23 01:10:14,95.69,
2022-04-23 01:09:15,95.77,
2022-04-23 01:08:15,95.68,
2022-04-23 01:07:15,95.76,
2022-04-23 01:06:15,97.51,
2022-04-23 01:05:15,97.33,
2022-04-23 01:04:15,96.97,
2022-04-23 01:03:15,97.03,
2022-04-23 01:02:15,96.88,
2022-04-23 01:01:15,97.29,
2022-04-23 01:00:16,97.1,
2022-04-23 00:59:16,97.25,
2022-04-23 00:58:16,97.36,
2022-04-23 00:57:16,98.01,
2022-04-23 00:56:16,97.58,
2022-04-23 00:55:16,98.29,
2022-04-23 00:54:16,97.87,
2022-04-23 00:53:16,97.6,
2022-04-23 00:52:16,97.74,
2022-04-23 00:51:17,98.31,
2022-04-23 00:50:17,97.9,
2022-04-22 23:25:44,97.69,
2022-04-22 23:24:44,97.77,
2022-04-22 23:23:44,96.35,
2022-04-22 23:22:44,97.05,
2022-04-22 23:21:44,98.49,
2022-04-22 23:20:44,96.76,
2022-04-22 23:19:45,96.76,
2022-04-22 23:18:45,98.49,
2022-04-17 10:27:42,97.39,
2022-04-17 10:26:42,97.55,
2022-04-17 10:25:43,98.56,
2022-04-17 10:24:43,98.51,
2022-04-17 10:23:43,98.89,
2022-04-17 10:22:43,98.84,
2022-04-17 10:21:43,98.83,
2022-04-17 10:20:43,98.6,
2022-04-17 10:19:43,99.0,
2022-04-17 10:18:43,99.03,
2022-04-17 10:17:43,98.36,
2022-04-17 10:16:44,98.75,
2022-04-17 10:15:44,98.65,
2022-04-17 10:14:44,97.9,
2022-04-17 10:13:44,98.13,
2022-04-17 10:12:44,97.68,
2022-04-17 10:11:44,97.87,
2022-04-17 10:10:44,98.0,
2022-04-17 10:09:44,97.83,
2022-04-17 10:08:44,98.43,
2022-04-17 10:07:44,97.83,
2022-04-17 10:06:45,97.42,
2022-04-17 10:05:45,97.77,
2022-04-17 10:04:45,97.98,
2022-04-17 10:03:45,96.17,
2022-04-17 10:02:45,94.67,
2022-04-17 10:01:45,95.58,
2022-04-17 10:00:45,95.11,
2022-04-17 09:59:45,94.84,
2022-04-17 09:58:45,95.17,
2022-04-17 09:57:46,95.46,
2022-04-17 09:56:46,94.24,
2022-04-17 09:55:46,96.45,
2022-04-17 09:54:46,94.07,
2022-04-17 09:53:46,94.62,
2022-04-17 09:52:46,95.58,
2022-04-17 09:51:46,95.93,
2022-04-17 09:50:46,95.0,
2022-04-17 09:49:46,94.37,
2022-04-17 09:48:47,95.73,
2022-04-17 09:47:47,96.72,
2022-04-17 09:46:47,97.84,
2022-04-17 09:45:47,96.57,
2022-04-17 09:44:47,95.9,
2022-04-17 09:43:47,97.05,
2022-04-17 09:42:47,98.34,
2022-04-17 09:41:47,97.77,
2022-04-17 09:40:47,97.7,
2022-04-17 09:39:48,98.08,
2022-04-17 09:38:48,97.67,
2022-04-17 09:37:48,97.92,
2022-04-17 09:36:48,98.62,
2022-04-17 09:35:48,97.59,
2022-04-17 09:34:48,97.19,
2022-04-17 09:33:48,97.7,
2022-04-17 09:32:48,95.49,
2022-04-17 09:31:48,95.85,
2022-04-17 09:30:48,95.56,
2022-04-17 09:29:49,98.5,
2022-04-17 09:28:49,98.55,
2022-04-17 09:27:49,98.59,
2022-04-17 09:26:49,98.05,
2022-04-17 09:25:49,98.83,
2022-04-17 09:24:49,98.61,
2022-04-17 09:23:49,98.5,
2022-04-17 09:22:49,97.62,
2022-04-17 09:21:49,98.34,
2022-04-17 09:20:50,98.46,
2022-04-17 09:19:50,98.1,
2022-04-17 09:18:50,96.98,
2022-04-17 09:17:50,97.59,
2022-04-17 09:16:50,95.88,
2022-04-17 09:15:50,96.82,
2022-04-17 09:14:50,97.65,
2022-04-17 09:13:50,98.97,
2022-04-17 09:12:50,98.89,
2022-04-17 09:11:51,98.55,
2022-04-17 09:10:51,99.29,
2022-04-17 09:09:51,99.21,
2022-04-17 09:08:51,99.31,
2022-04-17 09:07:51,99.25,
2022-04-17 09:06:51,99.28,
2022-04-17 09:05:51,99.71,
2022-04-17 09:04:51,99.73,
2022-04-17 09:03:51,99.77,
2022-04-17 09:02:52,99.59,
2022-04-17 09:01:52,99.58,
2022-04-17 09:00:52,99.55,
2022-04-17 08:59:52,99.27,
2022-04-17 08:58:52,99.59,
2022-04-17 08:57:52,98.97,
2022-04-17 08:56:52,98.95,
2022-04-17 08:55:52,98.36,
2022-04-17 08:54:52,98.67,
2022-04-17 08:53:52,98.84,
2022-04-17 08:52:53,97.81,
2022-04-17 08:51:53,98.1,
2022-04-17 08:50:53,98.16,
2022-04-17 08:49:53,98.53,
2022-04-17 08:48:53,98.77,
2022-04-17 08:47:53,98.68,
2022-04-17 08:46:53,98.84,
2022-04-17 08:45:53,99.15,
2022-04-17 08:44:53,99.58,
2022-04-17 08:43:54,99.48,
2022-04-17 08:42:54,99.99,
2022-04-17 08:41:54,99.96,
2022-04-17 08:40:54,99.41,
2022-04-17 08:39:54,99.45,
2022-04-17 08:38:54,98.6,
2022-04-17 08:37:54,99.48,
2022-04-17 08:36:54,99.33,
2022-04-17 08:35:54,98.58,
2022-04-17 08:34:55,96.3,
2022-04-17 08:33:55,96.57,
2022-04-17 08:32:55,97.34,
2022-04-17 08:31:55,97.15,
2022-04-17 08:30:55,96.27,
2022-04-17 08:29:55,98.37,
2022-04-17 08:28:55,98.63,
2022-04-17 08:27:55,99.43,
2022-04-17 08:26:55,98.78,
2022-04-17 08:25:56,97.52,
2022-04-17 08:24:56,99.01,
2022-04-17 08:23:56,99.07,
2022-04-17 08:22:56,99.31,
2022-04-17 08:21:56,98.69,
2022-04-17 08:20:56,99.45,
2022-04-17 08:19:56,99.35,
2022-04-17 08:18:56,99.44,
2022-04-17 08:17:56,99.64,
2022-04-17 08:16:56,99.5,
2022-04-17 08:15:57,99.13,
2022-04-17 08:14:57,98.68,
2022-04-17 08:13:57,98.46,
2022-04-17 08:12:57,97.78,
2022-04-17 08:11:57,98.97,
2022-04-17 08:10:57,98.88,
2022-04-17 08:09:57,98.59,
2022-04-17 08:08:57,98.63,
2022-04-17 08:07:57,99.31,
2022-04-17 08:06:57,98.73,
2022-04-17 08:05:58,98.39,
2022-04-17 08:04:58,98.27,
2022-04-17 08:03:58,97.95,
2022-04-17 08:02:58,97.45,
2022-04-17 08:01:58,98.01,
2022-04-17 08:00:58,98.91,
2022-04-17 07:59:58,98.39,
2022-04-17 07:58:58,98.38,
2022-04-17 07:57:58,97.65,
2022-04-17 07:56:59,98.32,
2022-04-17 07:55:59,98.72,
2022-04-17 07:54:59,98.39,
2022-04-17 07:53:59,96.05,
2022-04-17 07:52:59,96.65,
2022-04-17 07:51:59,97.15,
2022-04-17 07:50:59,95.8,
2022-04-17 07:49:59,95.7,
2022-04-17 07:49:00,97.07,
2022-04-17 07:48:00,96.58,
2022-04-17 07:47:00,96.43,
2022-04-17 07:46:00,96.07,
2022-04-17 07:45:00,96.52,
2022-04-17 07:44:00,96.56,
2022-04-17 07:43:00,98.05,
2022-04-17 07:42:00,98.19,
2022-04-17 07:41:00,97.5,
2022-04-17 07:40:00,97.76,
2022-04-17 07:39:01,97.49,
2022-04-17 07:38:01,98.07,
2022-04-17 07:37:01,98.36,
2022-04-17 07:36:01,96.94,
2022-04-17 07:35:01,97.64,
2022-04-17 07:34:01,98.18,
2022-04-17 07:33:01,97.95,
2022-04-17 07:32:01,97.82,
2022-04-17 07:31:01,98.22,
2022-04-17 07:30:02,97.78,
2022-04-17 07:29:02,98.36,
2022-04-17 07:28:02,98.8,
2022-04-17 07:27:02,97.27,
2022-04-17 07:26:02,96.45,
2022-04-17 07:25:02,95.76,
2022-04-17 07:24:02,96.18,
2022-04-17 07:23:02,96.49,
2022-04-17 07:22:02,96.56,
2022-04-17 07:21:03,95.94,
2022-04-17 07:20:03,96.18,
2022-04-17 07:19:03,95.82,
2022-04-17 07:18:03,96.63,
2022-04-17 07:17:03,96.69,
2022-04-17 07:16:03,96.44,
2022-04-17 07:15:03,96.0,
2022-04-17 07:14:03,97.37,
2022-04-17 07:13:03,98.15,
2022-04-17 07:12:04,96.28,
2022-04-17 07:11:04,94.88,
2022-04-17 07:10:04,97.41,
2022-04-17 07:09:04,95.04,
2022-04-17 07:08:04,94.87,
2022-04-17 07:07:04,96.0,
2022-04-17 07:06:04,95.04,
2022-04-17 07:05:04,98.0,
2022-04-17 07:04:04,96.15,
2022-04-17 07:03:04,95.74,
2022-04-17 07:02:05,97.94,
2022-04-17 07:01:05,95.84,
2022-04-17 07:00:05,98.78,
2022-04-17 06:59:05,98.94,
2022-04-17 06:58:05,95.63,
2022-04-17 06:57:05,95.65,
2022-04-17 06:56:05,95.76,
2022-04-17 06:55:05,96.22,
2022-04-17 06:54:05,97.51,
2022-04-17 06:53:05,97.17,
2022-04-17 06:51:33,95.54,
2022-04-17 06:50:33,97.19,
2022-04-17 06:49:33,94.93,
2022-04-17 06:48:33,98.62,
2022-04-17 06:43:37,98.28,
2022-04-17 06:42:37,98.16,
2022-04-17 06:41:37,98.21,
2022-04-17 06:40:37,97.59,
2022-04-17 06:35:36,96.89,
2022-04-17 06:34:36,96.03,
2022-04-17 06:33:36,96.15,
2022-04-17 06:32:36,98.27,
2022-04-17 06:24:21,96.67,
2022-04-17 06:23:21,96.44,
2022-04-17 06:22:21,97.74,
2022-04-17 06:21:21,98.55,
2022-04-17 06:19:33,98.93,
2022-04-17 06:18:33,99.43,
2022-04-17 06:17:33,98.7,
2022-04-17 06:16:33,96.41,
2022-04-17 06:15:33,96.94,
2022-04-17 06:14:33,97.97,
2022-04-17 06:13:33,96.77,
2022-04-17 06:04:24,96.74,
2022-04-17 06:03:24,97.13,
2022-04-17 06:02:24,96.96,
2022-04-17 06:01:24,96.98,
2022-04-17 06:00:24,97.42,
2022-04-17 05:59:24,99.05,
2022-04-17 05:58:24,98.73,
2022-04-17 05:57:25,98.72,
2022-04-17 05:56:25,98.62,
2022-04-17 05:55:25,98.07,
2022-04-17 05:54:25,97.61,
2022-04-17 05:53:25,97.79,
2022-04-17 05:52:25,97.02,
2022-04-17 05:51:25,96.83,
2022-04-17 05:50:25,96.68,
2022-04-17 05:49:25,95.7,
2022-04-17 05:48:26,97.32,
2022-04-17 05:47:26,99.55,
2022-04-17 05:46:26,98.77,
2022-04-17 05:45:26,98.4,
2022-04-17 05:44:26,98.95,
2022-04-17 05:43:26,98.81,
2022-04-17 05:42:26,99.57,
2022-04-17 05:41:26,99.36,
2022-04-17 05:40:26,98.87,
2022-04-17 05:39:27,99.01,
2022-04-17 05:38:27,99.09,
2022-04-17 05:37:27,98.8,
2022-04-17 05:36:27,99.12,
2022-04-17 05:35:27,99.23,
2022-04-17 05:34:27,99.17,
2022-04-17 05:33:27,97.96,
2022-04-17 05:32:27,96.96,
2022-04-17 05:31:27,96.81,
2022-04-17 05:30:28,97.04,
2022-04-17 05:29:28,96.72,
2022-04-17 05:28:28,96.65,
2022-04-17 05:27:28,95.78,
2022-04-17 05:26:28,96.24,
2022-04-17 05:25:28,95.22,
2022-04-17 05:24:28,98.53,
2022-04-17 05:23:28,99.61,
2022-04-17 05:22:28,97.12,
2022-04-17 05:21:28,94.16,
2022-04-17 05:20:29,92.85,
2022-04-17 05:19:29,93.76,
2022-04-17 05:18:29,96.0,
2022-04-17 05:17:29,96.24,
2022-04-17 05:16:29,97.06,
2022-04-17 05:15:29,97.22,
2022-04-17 05:14:29,96.4,
2022-04-17 05:13:29,96.61,
2022-04-17 05:12:29,96.86,
2022-04-17 05:11:30,97.6,
2022-04-17 05:10:30,96.82,
2022-04-17 05:09:30,97.22,
2022-04-17 05:08:30,97.33,
2022-04-17 05:07:30,97.24,
2022-04-17 05:06:30,98.91,
2022-04-17 05:05:30,99.48,
2022-04-17 05:04:30,99.04,
2022-04-17 05:03:30,98.02,
2022-04-17 05:02:31,96.36,
2022-04-17 05:01:31,97.4,
2022-04-17 05:00:31,97.58,
2022-04-17 04:59:31,97.32,
2022-04-17 04:58:31,98.83,
2022-04-17 04:57:31,99.3,
2022-04-17 04:56:31,99.52,
2022-04-17 04:55:31,98.55,
2022-04-17 04:54:31,98.91,
2022-04-17 04:53:32,98.63,
2022-04-17 04:52:32,98.31,
2022-04-17 04:51:32,98.83,
2022-04-17 04:50:32,98.86,
2022-04-17 04:49:32,98.78,
2022-04-17 04:48:32,99.27,
2022-04-17 04:47:32,99.11,
2022-04-17 04:46:32,99.15,
2022-04-17 04:45:32,99.31,
2022-04-17 04:44:32,99.94,
2022-04-17 04:43:33,98.84,
2022-04-17 04:42:33,97.33,
2022-04-17 04:41:33,98.77,
2022-04-17 04:40:33,98.46,
2022-04-17 04:39:33,99.05,
2022-04-17 04:38:33,99.07,
2022-04-17 04:37:33,98.76,
2022-04-17 04:36:33,98.35,
2022-04-17 04:35:33,98.8,
2022-04-17 04:34:34,98.77,
2022-04-17 04:33:34,98.73,
2022-04-17 04:32:34,99.03,
2022-04-17 04:31:34,98.96,
2022-04-17 04:30:34,98.94,
2022-04-17 04:29:34,99.44,
2022-04-17 04:28:34,99.24,
2022-04-17 04:27:34,99.42,
2022-04-17 04:26:34,98.14,
2022-04-17 04:25:35,98.95,
2022-04-17 04:24:35,95.74,
2022-04-17 04:23:35,96.86,
2022-04-17 04:22:35,97.89,
2022-04-17 04:21:35,96.68,
2022-04-17 04:20:35,98.59,
2022-04-17 04:19:35,97.59,
2022-04-17 04:18:35,97.97,
2022-04-17 04:17:35,96.94,
2022-04-17 04:16:36,95.92,
2022-04-17 04:15:36,98.48,
2022-04-17 04:14:36,95.74,
2022-04-17 04:13:36,97.05,
2022-04-17 04:12:36,99.23,
2022-04-17 04:11:36,96.91,
2022-04-17 04:10:36,95.55,
2022-04-17 04:09:36,96.85,
2022-04-17 04:08:36,99.2,
2022-04-17 04:07:37,97.58,
2022-04-17 04:06:37,97.64,
2022-04-17 04:05:37,98.31,
2022-04-17 04:04:37,97.87,
2022-04-17 04:03:37,97.23,
2022-04-17 04:02:37,96.28,
2022-04-17 04:01:37,97.82,
2022-04-17 04:00:37,97.5,
2022-04-17 03:59:37,96.34,
2022-04-17 03:58:37,97.21,
2022-04-17 03:57:38,97.08,
2022-04-17 03:56:38,97.66,
2022-04-17 03:55:38,96.65,
2022-04-17 03:54:38,97.33,
2022-04-17 03:53:38,96.89,
2022-04-17 03:52:38,96.46,
2022-04-17 03:51:38,97.45,
2022-04-17 03:50:38,97.41,
2022-04-17 03:49:38,97.61,
2022-04-17 03:48:39,98.01,
2022-04-17 03:47:39,98.41,
2022-04-17 03:46:39,98.48,
2022-04-17 03:45:39,98.24,
2022-04-17 03:44:39,97.87,
2022-04-17 03:43:39,97.57,
2022-04-17 03:42:39,97.43,
2022-04-17 03:41:39,99.24,
2022-04-17 03:40:39,99.58,
2022-04-17 03:39:40,99.6,
2022-04-17 03:38:39,98.55,
2022-04-17 03:32:52,99.02,
2022-04-17 03:31:52,99.5,
2022-04-17 03:30:52,98.88,
2022-04-17 03:25:34,99.12,
2022-04-17 03:19:52,98.97,
2022-04-17 03:18:52,99.02,
2022-04-17 03:17:52,98.96,
2022-04-17 03:16:52,99.03,
2022-04-17 03:15:52,99.15,
2022-04-17 03:14:52,99.27,
2022-04-17 03:13:52,99.2,
2022-04-17 03:12:53,97.4,
2022-04-17 03:11:53,97.68,
2022-04-17 03:10:53,97.45,
2022-04-17 03:09:53,96.99,
2022-04-17 03:08:53,98.38,
2022-04-17 03:03:40,98.32,
2022-04-17 03:02:40,99.33,
2022-04-17 03:01:40,99.75,
2022-04-17 03:00:40,98.79,
2022-04-17 02:59:03,99.02,
2022-04-17 02:58:03,98.75,
2022-04-17 02:57:03,99.01,
2022-04-17 02:56:03,99.01,
2022-04-17 02:55:04,99.39,
2022-04-17 02:54:04,99.75,
2022-04-17 02:53:04,99.76,
2022-04-17 02:52:04,99.95,
2022-04-17 02:51:04,99.98,
2022-04-17 02:50:04,99.48,
2022-04-17 02:44:18,99.22,
2022-04-17 02:43:18,99.37,
2022-04-17 02:42:18,99.3,
2022-04-17 02:41:18,98.57,
2022-04-17 02:40:18,99.49,
2022-04-17 02:39:18,98.12,
2022-04-17 02:38:18,94.67,
2022-04-17 02:37:18,95.41,
2022-04-17 02:36:18,96.88,
2022-04-17 02:35:19,94.33,
2022-04-17 02:34:19,94.96,
2022-04-17 02:33:19,95.28,
2022-04-17 02:32:19,95.55,
2022-04-17 02:31:19,98.96,
2022-04-17 02:30:19,98.95,
2022-04-17 02:29:19,98.81,
2022-04-17 02:28:19,98.98,
2022-04-17 02:27:19,98.99,
2022-04-17 02:26:20,99.02,
2022-04-17 02:25:20,99.05,
2022-04-17 02:24:20,99.24,
2022-04-17 02:23:20,99.14,
2022-04-17 02:22:20,99.46,
2022-04-17 02:21:20,99.54,
2022-04-17 02:20:20,99.48,
2022-04-17 02:19:20,99.13,
2022-04-17 02:18:20,99.38,
2022-04-17 02:17:21,99.29,
2022-04-17 02:16:20,99.3,
2022-04-17 02:14:55,99.63,
2022-04-17 02:13:56,99.95,
2022-04-17 02:12:56,99.97,
2022-04-17 02:11:56,99.69,
2022-04-17 02:10:56,99.95,
2022-04-17 02:09:56,99.55,
2022-04-17 02:08:56,98.38,
2022-04-17 02:07:56,99.16,
2022-04-17 01:59:07,98.88,
2022-04-17 01:58:07,98.37,
2022-04-17 01:57:08,98.37,
2022-04-17 01:56:08,98.69,
2022-04-17 01:52:09,97.05,
2022-04-17 01:51:10,99.25,
2022-04-17 01:50:10,98.64,
2022-04-17 01:49:10,98.38,
2022-04-17 01:48:10,98.85,
2022-04-17 01:47:10,98.79,
2022-04-17 01:46:10,99.4,
2022-04-17 01:45:10,99.29,
2022-04-17 01:44:10,98.94,
2022-04-17 01:43:10,98.52,
2022-04-17 01:42:11,98.88,
2022-04-17 01:41:11,98.14,
2022-04-17 01:40:11,98.91,
2022-04-17 01:39:11,99.55,
2022-04-17 01:38:11,98.87,
2022-04-17 01:36:44,99.63,
2022-04-17 01:35:44,99.36,
2022-04-17 01:34:44,99.38,
2022-04-17 01:33:44,99.84,
2022-04-17 01:32:44,99.76,
2022-04-17 01:31:44,99.99,
2022-04-17 01:30:45,99.88,
2022-04-17 01:29:45,99.8,
2022-04-17 01:28:45,99.92,
2022-04-17 01:27:45,99.9,
2022-04-17 01:26:45,99.88,
2022-04-17 01:25:45,99.87,
2022-04-17 01:24:45,99.7,
2022-04-17 01:23:45,99.85,
2022-04-17 01:22:45,99.07,
2022-04-17 01:21:46,98.83,
2022-04-17 01:20:46,98.85,
2022-04-17 01:19:46,98.63,
2022-04-17 01:18:46,98.85,
2022-04-17 01:17:46,98.83,
2022-04-17 01:16:46,98.63,
2022-04-17 01:15:46,99.18,
2022-04-17 01:14:46,98.81,
2022-04-17 01:13:46,98.73,
2022-04-17 01:12:47,99.25,
2022-04-17 01:11:47,99.18,
2022-04-17 01:10:47,98.5,
2022-04-17 01:09:47,98.68,
2022-04-17 01:08:47,98.78,
2022-04-17 01:07:47,98.75,
2022-04-17 01:06:47,98.87,
2022-04-17 01:05:47,98.87,
2022-04-17 01:04:47,98.03,
2022-04-17 01:03:47,98.07,
2022-04-17 01:02:48,98.66,
2022-04-17 01:01:48,98.29,
2022-04-17 01:00:48,98.09,
2022-04-17 00:59:48,97.33,
2022-04-17 00:58:48,97.86,
2022-04-17 00:57:48,97.97,
2022-04-17 00:56:48,97.86,
2022-04-17 00:55:48,98.39,
2022-04-17 00:54:48,98.59,
2022-04-17 00:53:49,98.4,
2022-04-17 00:52:49,98.5,
2022-04-17 00:51:49,98.85,
2022-04-17 00:39:36,98.39,
2022-04-16 23:34:34,96.67,
2022-04-16 23:33:34,98.36,
