recordtime,physicalActivity.step.value,
2022-05-18 22:55:00,17,
2022-05-18 22:54:00,0,
2022-05-18 21:42:00,0,
2022-05-18 21:41:00,0,
2022-05-18 21:40:00,0,
2022-05-18 21:39:00,0,
2022-05-18 21:38:00,0,
2022-05-18 21:36:00,0,
2022-05-18 21:33:00,0,
2022-05-18 21:32:00,0,
2022-05-18 21:31:00,0,
2022-05-18 21:30:00,0,
2022-05-18 21:29:00,0,
2022-05-18 21:28:00,0,
2022-05-18 21:27:00,0,
2022-05-18 21:26:00,54,
2022-05-18 21:25:00,48,
2022-05-18 21:24:00,110,
2022-05-18 21:23:00,110,
2022-05-18 21:22:00,111,
2022-05-18 21:21:00,108,
2022-05-18 21:20:00,0,
2022-05-18 21:19:00,20,
2022-05-18 21:18:00,38,
2022-05-18 21:17:00,61,
2022-05-18 21:16:00,87,
2022-05-18 21:15:00,108,
2022-05-18 21:14:00,112,
2022-05-18 21:13:00,108,
2022-05-18 21:12:00,107,
2022-05-18 21:11:00,110,
2022-05-18 21:10:00,110,
2022-05-18 21:09:00,104,
2022-05-18 21:08:00,108,
2022-05-18 21:07:00,158,
2022-05-18 21:06:00,157,
2022-05-18 21:05:00,157,
2022-05-18 21:04:00,157,
2022-05-18 21:03:00,156,
2022-05-18 21:02:00,157,
2022-05-18 21:01:00,155,
2022-05-18 21:00:00,154,
2022-05-18 20:59:00,158,
2022-05-18 20:58:00,157,
2022-05-18 20:57:00,155,
2022-05-18 20:56:00,155,
2022-05-18 20:55:00,127,
2022-05-18 20:54:00,116,
2022-05-18 20:53:00,115,
2022-05-18 20:52:00,105,
2022-05-18 20:51:00,109,
2022-05-18 20:50:00,113,
2022-05-18 20:49:00,114,
2022-05-18 20:48:00,121,
2022-05-18 20:47:00,79,
2022-05-18 20:46:00,85,
2022-05-18 20:45:00,62,
2022-05-18 20:44:00,54,
2022-05-18 20:43:00,20,
2022-05-18 19:58:00,24,
2022-05-18 19:37:00,0,
2022-05-18 19:36:00,0,
2022-05-18 19:34:00,0,
2022-05-18 19:33:00,14,
2022-05-18 19:07:00,17,
2022-05-18 19:06:00,16,
2022-05-18 19:05:00,0,
2022-05-18 18:59:00,0,
2022-05-18 18:58:00,0,
2022-05-18 18:57:00,0,
2022-05-18 18:53:00,0,
2022-05-18 18:48:00,0,
2022-05-18 18:47:00,0,
2022-05-18 18:40:00,0,
2022-05-18 18:34:00,0,
2022-05-18 18:08:00,10,
2022-05-18 17:44:00,0,
2022-05-18 17:42:00,0,
2022-05-18 17:41:00,15,
2022-05-18 17:38:00,0,
2022-05-18 17:37:00,0,
2022-05-18 17:36:00,0,
2022-05-18 17:35:00,0,
2022-05-18 17:34:00,0,
2022-05-18 17:33:00,0,
2022-05-18 17:32:00,0,
2022-05-18 17:31:00,0,
2022-05-18 17:30:00,0,
2022-05-18 17:29:00,0,
2022-05-18 17:28:00,12,
2022-05-18 17:27:00,14,
2022-05-18 17:26:00,46,
2022-05-18 17:25:00,0,
2022-05-18 17:24:00,61,
2022-05-18 17:23:00,41,
2022-05-18 17:22:00,83,
2022-05-18 17:21:00,117,
2022-05-18 17:20:00,0,
2022-05-18 17:19:00,0,
2022-05-18 17:18:00,0,
2022-05-18 17:17:00,0,
2022-05-18 17:16:00,0,
2022-05-18 17:15:00,49,
2022-05-18 17:14:00,36,
2022-05-18 17:13:00,0,
2022-05-18 17:12:00,0,
2022-05-18 17:11:00,39,
2022-05-18 17:10:00,23,
2022-05-18 17:09:00,0,
2022-05-18 17:08:00,0,
2022-05-18 17:07:00,8,
2022-05-18 17:06:00,19,
2022-05-18 17:05:00,22,
2022-05-18 17:04:00,70,
2022-05-18 17:03:00,95,
2022-05-18 17:02:00,79,
2022-05-18 17:01:00,39,
2022-05-18 17:00:00,17,
2022-05-18 16:55:00,0,
2022-05-18 16:53:00,12,
2022-05-18 16:52:00,0,
2022-05-18 16:51:00,0,
2022-05-18 16:50:00,0,
2022-05-18 16:49:00,0,
2022-05-18 16:48:00,34,
2022-05-18 16:47:00,0,
2022-05-18 16:46:00,0,
2022-05-18 16:45:00,0,
2022-05-18 16:44:00,0,
2022-05-18 16:43:00,40,
2022-05-18 16:42:00,91,
2022-05-18 16:41:00,110,
2022-05-18 16:40:00,91,
2022-05-18 16:39:00,67,
2022-05-18 16:38:00,53,
2022-05-18 16:37:00,72,
2022-05-18 16:36:00,0,
2022-05-18 16:33:00,5,
2022-05-18 16:20:00,33,
2022-05-18 16:19:00,9,
2022-05-18 16:18:00,32,
2022-05-18 15:11:00,0,
2022-05-18 15:10:00,0,
2022-05-18 15:09:00,0,
2022-05-18 15:08:00,0,
2022-05-18 15:05:00,0,
2022-05-18 15:04:00,25,
2022-05-18 14:46:00,0,
2022-05-18 14:42:00,0,
2022-05-18 14:35:00,0,
2022-05-18 14:26:00,0,
2022-05-18 14:22:00,0,
2022-05-18 14:21:00,0,
2022-05-18 14:19:00,0,
2022-05-18 14:18:00,0,
2022-05-18 13:50:00,8,
2022-05-18 13:45:00,0,
2022-05-18 13:44:00,7,
2022-05-18 13:41:00,0,
2022-05-18 13:35:00,0,
2022-05-18 13:34:00,0,
2022-05-18 13:33:00,0,
2022-05-18 13:32:00,0,
2022-05-18 13:31:00,0,
2022-05-18 13:30:00,0,
2022-05-18 13:29:00,0,
2022-05-18 13:28:00,8,
2022-05-18 13:27:00,0,
2022-05-18 13:26:00,0,
2022-05-18 13:23:00,0,
2022-05-18 13:22:00,41,
2022-05-18 13:21:00,58,
2022-05-18 13:20:00,114,
2022-05-18 13:19:00,69,
2022-05-18 13:18:00,83,
2022-05-18 13:17:00,0,
2022-05-18 13:16:00,0,
2022-05-18 13:15:00,0,
2022-05-18 13:14:00,0,
2022-05-18 13:13:00,50,
2022-05-18 13:12:00,109,
2022-05-18 13:11:00,116,
2022-05-18 13:10:00,0,
2022-05-18 13:09:00,58,
2022-05-18 13:08:00,52,
2022-05-18 13:07:00,34,
2022-05-18 13:06:00,13,
2022-05-18 13:05:00,22,
2022-05-18 13:03:00,0,
2022-05-18 13:02:00,0,
2022-05-18 12:59:00,0,
2022-05-18 12:14:00,55,
2022-05-18 12:06:00,0,
2022-05-18 12:05:00,14,
2022-05-18 11:57:00,55,
2022-05-18 11:56:00,19,
2022-05-18 10:43:00,0,
2022-05-18 10:42:00,15,
2022-05-18 10:41:00,0,
2022-05-18 10:40:00,4,
2022-05-18 10:39:00,33,
2022-05-18 09:53:00,0,
2022-05-18 09:51:00,0,
2022-05-18 09:50:00,0,
2022-05-18 09:49:00,0,
2022-05-18 09:48:00,0,
2022-05-18 09:47:00,0,
2022-05-18 09:46:00,0,
2022-05-18 09:45:00,0,
2022-05-18 09:44:00,0,
2022-05-18 09:43:00,0,
2022-05-18 09:42:00,0,
2022-05-18 09:41:00,0,
2022-05-18 09:40:00,0,
2022-05-18 09:39:00,0,
2022-05-18 09:38:00,0,
2022-05-18 09:37:00,0,
2022-05-18 09:36:00,0,
2022-05-18 09:35:00,0,
2022-05-18 09:34:00,0,
2022-05-18 09:31:00,0,
2022-05-18 09:29:00,0,
2022-05-18 09:28:00,0,
2022-05-18 09:25:00,30,
2022-05-18 09:24:00,0,
2022-05-18 09:23:00,2,
2022-05-18 09:22:00,45,
2022-05-18 09:21:00,74,
2022-05-18 09:20:00,70,
2022-05-18 09:19:00,76,
2022-05-18 05:48:00,0,
2022-05-18 05:02:00,0,
2022-05-18 00:12:00,0,
2022-05-18 00:11:00,0,
2022-05-18 00:10:00,0,
2022-05-18 00:09:00,0,
2022-05-17 23:46:00,0,
2022-05-17 23:44:00,0,
2022-05-17 23:42:00,74,
2022-05-17 23:41:00,43,
2022-05-17 23:31:00,2,
2022-05-17 23:29:00,34,
2022-05-17 23:28:00,105,
2022-05-17 23:27:00,65,
2022-05-17 23:26:00,0,
2022-05-17 23:25:00,0,
2022-05-17 23:24:00,33,
2022-05-17 23:23:00,73,
2022-05-17 23:22:00,114,
2022-05-17 23:21:00,117,
2022-05-17 23:20:00,113,
2022-05-17 23:18:00,42,
2022-05-17 23:17:00,69,
2022-05-17 23:16:00,13,
2022-05-02 22:47:00,21,
2022-05-02 22:28:00,0,
2022-05-02 22:27:00,22,
2022-05-02 22:26:00,100,
2022-05-02 22:25:00,108,
2022-05-02 22:24:00,111,
2022-05-02 22:23:00,111,
2022-05-02 22:22:00,2,
2022-05-02 22:21:00,82,
2022-05-02 22:20:00,41,
2022-05-02 22:19:00,82,
2022-05-02 21:59:00,11,
2022-05-02 21:58:00,2,
2022-05-02 20:59:00,0,
2022-05-02 20:54:00,0,
2022-05-02 20:53:00,0,
2022-05-02 20:52:00,0,
2022-05-02 20:48:00,0,
2022-05-02 20:47:00,0,
2022-05-02 20:44:00,0,
2022-05-02 20:37:00,0,
2022-05-02 20:36:00,0,
2022-05-02 20:30:00,0,
2022-05-02 20:23:00,0,
2022-05-02 20:22:00,25,
2022-05-02 20:17:00,0,
2022-05-02 20:16:00,0,
2022-05-02 20:15:00,0,
2022-05-02 20:14:00,0,
2022-05-02 20:13:00,0,
2022-05-02 20:12:00,18,
2022-05-02 20:11:00,0,
2022-05-02 20:10:00,0,
2022-05-02 20:09:00,0,
2022-05-02 20:08:00,0,
2022-05-02 20:07:00,0,
2022-05-02 20:06:00,0,
2022-05-02 20:05:00,0,
2022-05-02 20:04:00,0,
2022-05-02 20:03:00,26,
2022-05-02 20:02:00,0,
2022-05-02 20:01:00,0,
2022-05-02 20:00:00,0,
2022-05-02 19:59:00,0,
2022-05-02 19:58:00,0,
2022-05-02 19:56:00,0,
2022-05-02 19:55:00,0,
2022-05-02 19:54:00,0,
2022-05-02 19:53:00,0,
2022-05-02 19:52:00,0,
2022-05-02 19:51:00,0,
2022-05-02 19:48:00,0,
2022-05-02 19:47:00,0,
2022-05-02 19:46:00,0,
2022-05-02 19:45:00,0,
2022-05-02 19:44:00,0,
2022-05-02 19:43:00,0,
2022-05-02 19:42:00,0,
2022-05-02 19:41:00,0,
2022-05-02 19:40:00,0,
2022-05-02 19:39:00,0,
2022-05-02 19:37:00,0,
2022-05-02 19:36:00,0,
2022-05-02 19:35:00,0,
2022-05-02 19:34:00,0,
2022-05-02 19:33:00,0,
2022-05-02 19:32:00,0,
2022-05-02 19:31:00,0,
2022-05-02 19:30:00,0,
2022-05-02 19:29:00,0,
2022-05-02 19:28:00,0,
2022-05-02 19:27:00,0,
2022-05-02 19:26:00,0,
2022-05-02 19:25:00,32,
2022-05-02 19:24:00,0,
2022-05-02 19:23:00,0,
2022-05-02 19:22:00,0,
2022-05-02 19:21:00,0,
2022-05-02 19:20:00,0,
2022-05-02 19:19:00,0,
2022-05-02 19:18:00,0,
2022-05-02 19:17:00,0,
2022-05-02 19:16:00,0,
2022-05-02 19:15:00,0,
2022-05-02 19:14:00,0,
2022-05-02 19:13:00,0,
2022-05-02 19:12:00,0,
2022-05-02 19:11:00,0,
2022-05-02 19:10:00,0,
2022-05-02 19:09:00,6,
2022-05-02 19:08:00,50,
2022-05-02 19:07:00,31,
2022-05-02 19:06:00,78,
2022-05-02 19:05:00,61,
2022-05-02 19:04:00,104,
2022-05-02 19:03:00,116,
2022-05-02 19:02:00,113,
2022-05-02 19:01:00,116,
2022-05-02 19:00:00,118,
2022-05-02 18:59:00,122,
2022-05-02 18:58:00,84,
2022-05-02 18:57:00,0,
2022-05-02 18:56:00,0,
2022-05-02 18:55:00,0,
2022-05-02 18:54:00,0,
2022-05-02 18:53:00,0,
2022-05-02 18:52:00,0,
2022-05-02 18:51:00,0,
2022-05-02 18:50:00,0,
2022-05-02 18:49:00,0,
2022-05-02 18:48:00,0,
2022-05-02 18:47:00,0,
2022-05-02 18:46:00,0,
2022-05-02 18:45:00,24,
2022-05-02 18:44:00,26,
2022-05-02 18:42:00,0,
2022-05-02 18:41:00,0,
2022-05-02 18:40:00,0,
2022-05-02 18:39:00,0,
2022-05-02 18:35:00,0,
2022-05-02 18:34:00,0,
2022-05-02 18:33:00,0,
2022-05-02 18:32:00,75,
2022-05-02 18:31:00,91,
2022-05-02 18:30:00,91,
2022-05-02 18:29:00,0,
2022-05-02 18:28:00,2,
2022-05-02 18:27:00,58,
2022-05-02 18:26:00,0,
2022-05-02 18:25:00,0,
2022-05-02 18:24:00,0,
2022-05-02 18:23:00,0,
2022-05-02 18:22:00,54,
2022-05-02 18:21:00,0,
2022-05-02 18:20:00,0,
2022-05-02 18:19:00,0,
2022-05-02 18:18:00,12,
2022-05-02 18:17:00,114,
2022-05-02 18:16:00,38,
2022-05-02 18:15:00,93,
2022-05-02 18:14:00,35,
2022-05-02 18:13:00,46,
2022-05-02 18:12:00,5,
2022-05-02 18:11:00,0,
2022-05-02 18:07:00,0,
2022-05-02 18:02:00,0,
2022-05-02 18:01:00,0,
2022-05-02 17:58:00,0,
2022-05-02 17:56:00,0,
2022-05-02 17:55:00,34,
2022-05-02 17:52:00,0,
2022-05-02 17:51:00,0,
2022-05-02 17:49:00,13,
2022-05-02 17:46:00,0,
2022-05-02 17:45:00,0,
2022-05-02 17:43:00,0,
2022-05-02 17:39:00,0,
2022-05-02 17:37:00,2,
2022-05-02 17:34:00,9,
2022-05-02 17:33:00,18,
2022-05-02 17:32:00,18,
2022-05-02 17:22:00,0,
2022-05-02 17:20:00,0,
2022-05-02 17:19:00,0,
2022-05-02 17:17:00,0,
2022-05-02 17:13:00,0,
2022-05-02 17:11:00,0,
2022-05-02 17:10:00,0,
2022-05-02 17:09:00,0,
2022-05-02 17:08:00,0,
2022-05-02 17:07:00,0,
2022-05-02 17:06:00,0,
2022-05-02 17:05:00,0,
2022-05-02 17:04:00,0,
2022-05-02 17:03:00,18,
2022-05-02 17:02:00,0,
2022-05-02 17:01:00,0,
2022-05-02 17:00:00,0,
2022-05-02 16:59:00,0,
2022-05-02 16:58:00,0,
2022-05-02 16:57:00,0,
2022-05-02 16:56:00,0,
2022-05-02 16:55:00,0,
2022-05-02 16:54:00,23,
2022-05-02 16:53:00,13,
2022-05-02 16:52:00,0,
2022-05-02 16:51:00,0,
2022-05-02 16:50:00,0,
2022-05-02 16:49:00,0,
2022-05-02 16:48:00,0,
2022-05-02 16:47:00,0,
2022-05-02 16:46:00,12,
2022-05-02 16:45:00,0,
2022-05-02 16:44:00,0,
2022-05-02 16:43:00,21,
2022-05-02 16:42:00,14,
2022-05-02 16:41:00,0,
2022-05-02 16:40:00,13,
2022-05-02 16:39:00,0,
2022-05-02 16:38:00,57,
2022-05-02 16:37:00,70,
2022-05-02 16:36:00,0,
2022-05-02 16:35:00,0,
2022-05-02 16:34:00,0,
2022-05-02 16:33:00,30,
2022-05-02 16:32:00,7,
2022-05-02 16:31:00,0,
2022-05-02 16:30:00,0,
2022-05-02 16:29:00,41,
2022-05-02 16:28:00,67,
2022-05-02 16:27:00,121,
2022-05-02 16:26:00,114,
2022-05-02 16:25:00,116,
2022-05-02 16:24:00,122,
2022-05-02 16:23:00,80,
2022-05-02 16:22:00,39,
2022-05-02 16:21:00,46,
2022-05-02 16:20:00,48,
2022-05-02 16:19:00,0,
2022-05-02 16:18:00,0,
2022-05-02 16:17:00,0,
2022-05-02 16:16:00,0,
2022-05-02 16:15:00,0,
2022-05-02 16:14:00,0,
2022-05-02 16:13:00,0,
2022-05-02 16:12:00,0,
2022-05-02 16:11:00,0,
2022-05-02 16:10:00,0,
2022-05-02 16:09:00,0,
2022-05-02 16:08:00,0,
2022-05-02 16:07:00,0,
2022-05-02 16:06:00,0,
2022-05-02 16:05:00,0,
2022-05-02 16:04:00,0,
2022-05-02 16:03:00,0,
2022-05-02 16:02:00,0,
2022-05-02 16:01:00,0,
2022-05-02 16:00:00,0,
2022-05-02 15:59:00,0,
2022-05-02 15:58:00,0,
2022-05-02 15:57:00,0,
2022-05-02 15:56:00,0,
2022-05-02 15:55:00,0,
2022-05-02 15:54:00,0,
2022-05-02 15:53:00,0,
2022-05-02 15:52:00,0,
2022-05-02 15:51:00,0,
2022-05-02 15:50:00,0,
2022-05-02 15:49:00,0,
2022-05-02 15:48:00,0,
2022-05-02 15:47:00,0,
2022-05-02 15:46:00,0,
2022-05-02 15:45:00,0,
2022-05-02 15:44:00,0,
2022-05-02 15:43:00,0,
2022-05-02 15:42:00,0,
2022-05-02 15:41:00,0,
2022-05-02 15:40:00,0,
2022-05-02 15:39:00,0,
2022-05-02 15:38:00,0,
2022-05-02 15:37:00,0,
2022-05-02 15:36:00,52,
2022-05-02 15:35:00,128,
2022-05-02 15:34:00,130,
2022-05-02 15:33:00,39,
2022-05-02 15:32:00,46,
2022-05-02 15:31:00,0,
2022-05-02 15:30:00,0,
2022-05-02 15:29:00,71,
2022-05-02 15:28:00,17,
2022-05-02 15:27:00,11,
2022-05-02 15:26:00,55,
2022-05-02 15:25:00,106,
2022-05-02 15:24:00,115,
2022-05-02 15:23:00,101,
2022-05-02 15:22:00,113,
2022-05-02 15:21:00,106,
2022-05-02 15:20:00,0,
2022-05-02 15:19:00,11,
2022-05-02 15:18:00,13,
2022-05-02 15:17:00,0,
2022-05-02 15:16:00,23,
2022-05-02 15:15:00,100,
2022-05-02 15:14:00,13,
2022-05-02 15:13:00,69,
2022-05-02 15:12:00,11,
2022-05-02 15:11:00,36,
2022-05-02 15:10:00,63,
2022-05-02 15:09:00,0,
2022-05-02 15:08:00,0,
2022-05-02 15:07:00,0,
2022-05-02 15:06:00,0,
2022-05-02 15:05:00,0,
2022-05-02 15:04:00,0,
2022-05-02 15:03:00,0,
2022-05-02 15:02:00,0,
2022-05-02 15:01:00,0,
2022-05-02 15:00:00,0,
2022-05-02 14:59:00,0,
2022-05-02 14:58:00,0,
2022-05-02 14:57:00,0,
2022-05-02 14:56:00,0,
2022-05-02 14:55:00,0,
2022-05-02 14:54:00,0,
2022-05-02 14:53:00,0,
2022-05-02 14:52:00,0,
2022-05-02 14:51:00,0,
2022-05-02 14:50:00,0,
2022-05-02 14:49:00,0,
2022-05-02 14:48:00,0,
2022-05-02 14:47:00,0,
2022-05-02 14:46:00,0,
2022-05-02 14:45:00,0,
2022-05-02 14:44:00,0,
2022-05-02 14:43:00,0,
2022-05-02 14:42:00,0,
2022-05-02 14:41:00,0,
2022-05-02 14:40:00,0,
2022-05-02 14:39:00,0,
2022-05-02 14:38:00,0,
2022-05-02 14:37:00,0,
2022-05-02 14:36:00,0,
2022-05-02 14:35:00,0,
2022-05-02 14:34:00,0,
2022-05-02 14:33:00,0,
2022-05-02 14:32:00,0,
2022-05-02 14:31:00,0,
2022-05-02 14:30:00,0,
2022-05-02 14:29:00,0,
2022-05-02 14:28:00,0,
2022-05-02 14:27:00,0,
2022-05-02 14:26:00,0,
2022-05-02 14:25:00,7,
2022-05-02 14:24:00,0,
2022-05-02 14:23:00,0,
2022-05-02 14:22:00,0,
2022-05-02 14:21:00,41,
2022-05-02 14:20:00,49,
2022-05-02 14:19:00,27,
2022-05-02 14:18:00,80,
2022-05-02 14:17:00,76,
2022-05-02 14:16:00,111,
2022-05-02 14:15:00,105,
2022-05-02 14:14:00,110,
2022-05-02 14:13:00,115,
2022-05-02 14:12:00,110,
2022-05-02 14:11:00,78,
2022-05-02 14:10:00,0,
2022-05-02 14:09:00,26,
2022-05-02 14:08:00,23,
2022-05-02 14:07:00,86,
2022-05-02 14:06:00,17,
2022-05-02 14:05:00,44,
2022-05-02 14:04:00,0,
2022-05-02 14:03:00,0,
2022-05-02 14:02:00,0,
2022-05-02 14:01:00,5,
2022-05-02 13:57:00,4,
2022-05-02 13:56:00,100,
2022-05-02 13:06:00,28,
2022-05-02 13:04:00,0,
2022-05-02 13:02:00,0,
2022-05-02 13:01:00,0,
2022-05-02 12:59:00,0,
2022-05-02 12:58:00,0,
2022-05-02 12:56:00,0,
2022-05-02 12:55:00,0,
2022-05-02 12:54:00,0,
2022-05-02 12:53:00,0,
2022-05-02 12:52:00,0,
2022-05-02 12:49:00,0,
2022-05-02 12:48:00,0,
2022-05-02 12:47:00,0,
2022-05-02 12:46:00,0,
2022-05-02 12:45:00,0,
2022-05-02 12:44:00,0,
2022-05-02 12:43:00,0,
2022-05-02 12:35:00,0,
2022-05-02 12:34:00,0,
2022-05-02 12:33:00,0,
2022-05-02 12:32:00,0,
2022-05-02 12:31:00,11,
2022-05-02 12:30:00,25,
2022-05-02 12:29:00,0,
2022-05-02 12:28:00,0,
2022-05-02 12:27:00,0,
2022-05-02 12:26:00,0,
2022-05-02 12:24:00,0,
2022-05-02 12:23:00,0,
2022-05-02 12:21:00,0,
2022-05-02 12:20:00,0,
2022-05-02 12:18:00,0,
2022-05-02 12:17:00,0,
2022-05-02 12:16:00,0,
2022-05-02 12:15:00,0,
2022-05-02 12:14:00,0,
2022-05-02 12:13:00,18,
2022-05-02 12:12:00,45,
2022-05-02 12:11:00,51,
2022-05-02 12:10:00,11,
2022-05-02 12:09:00,0,
2022-05-02 12:08:00,0,
2022-05-02 12:07:00,0,
2022-05-02 12:06:00,0,
2022-05-02 12:05:00,65,
2022-05-02 12:04:00,63,
2022-05-02 12:03:00,40,
2022-05-02 12:02:00,42,
2022-05-02 12:01:00,0,
2022-05-02 12:00:00,0,
2022-05-02 11:59:00,0,
2022-05-02 11:58:00,0,
2022-05-02 11:57:00,34,
2022-05-02 11:56:00,42,
2022-05-02 11:55:00,12,
2022-05-02 11:54:00,0,
2022-05-02 11:53:00,0,
2022-05-02 11:52:00,0,
2022-05-02 11:51:00,57,
2022-05-02 11:50:00,83,
2022-05-02 11:49:00,0,
2022-05-02 11:48:00,0,
2022-05-02 11:46:00,0,
2022-05-02 11:45:00,0,
2022-05-02 11:44:00,0,
2022-05-02 11:43:00,0,
2022-05-02 11:42:00,0,
2022-05-02 11:39:00,0,
2022-05-02 11:38:00,0,
2022-05-02 11:37:00,52,
2022-05-02 11:36:00,0,
2022-05-02 11:35:00,0,
2022-05-02 11:34:00,18,
2022-05-02 11:33:00,105,
2022-05-02 11:32:00,108,
2022-05-02 11:31:00,119,
2022-05-02 11:30:00,20,
2022-05-02 11:29:00,24,
2022-05-02 11:28:00,0,
2022-05-02 11:26:00,0,
2022-05-02 11:24:00,0,
2022-05-02 11:23:00,0,
2022-05-02 11:22:00,16,
2022-04-28 01:47:00,64,
2022-04-27 20:58:00,14,
2022-04-27 20:57:00,110,
2022-04-27 20:56:00,109,
2022-04-27 20:55:00,109,
2022-04-27 20:54:00,101,
2022-04-27 20:53:00,99,
2022-04-27 20:52:00,40,
2022-04-27 20:51:00,21,
2022-04-27 20:50:00,59,
2022-04-27 20:49:00,64,
2022-04-27 20:48:00,38,
2022-04-27 20:47:00,110,
2022-04-27 20:46:00,107,
2022-04-27 20:45:00,111,
2022-04-27 20:44:00,109,
2022-04-27 20:43:00,101,
2022-04-27 20:42:00,98,
2022-04-27 20:41:00,109,
2022-04-27 20:40:00,106,
2022-04-27 20:39:00,112,
2022-04-27 20:38:00,114,
2022-04-27 20:37:00,139,
2022-04-27 20:36:00,152,
2022-04-27 20:35:00,157,
2022-04-27 20:34:00,158,
2022-04-27 20:33:00,162,
2022-04-27 20:32:00,110,
2022-04-27 20:31:00,91,
2022-04-27 20:30:00,93,
2022-04-27 20:29:00,10,
2022-04-27 20:28:00,29,
2022-04-27 20:27:00,49,
2022-04-27 20:26:00,8,
2022-04-27 19:58:00,0,
2022-04-27 19:57:00,0,
2022-04-27 17:47:00,0,
2022-04-27 17:44:00,0,
2022-04-27 17:43:00,0,
2022-04-27 17:42:00,0,
2022-04-27 17:41:00,0,
2022-04-27 17:40:00,0,
2022-04-27 17:38:00,0,
2022-04-27 17:37:00,0,
2022-04-27 17:36:00,34,
2022-04-27 17:35:00,0,
2022-04-27 17:34:00,0,
2022-04-27 17:33:00,0,
2022-04-27 17:32:00,0,
2022-04-27 17:31:00,0,
2022-04-27 17:30:00,0,
2022-04-27 17:29:00,0,
2022-04-27 17:28:00,0,
2022-04-27 17:27:00,0,
2022-04-27 17:26:00,0,
2022-04-27 17:25:00,0,
2022-04-27 17:24:00,0,
2022-04-27 17:22:00,0,
2022-04-27 17:21:00,0,
2022-04-27 17:20:00,15,
2022-04-27 17:19:00,53,
2022-04-27 17:18:00,54,
2022-04-27 17:17:00,37,
2022-04-27 17:16:00,0,
2022-04-27 17:15:00,0,
2022-04-27 17:14:00,0,
2022-04-27 17:13:00,0,
2022-04-27 17:12:00,0,
2022-04-27 17:11:00,18,
2022-04-27 17:10:00,97,
2022-04-27 17:09:00,70,
2022-04-27 17:08:00,41,
2022-04-27 17:07:00,0,
2022-04-27 17:06:00,0,
2022-04-27 17:05:00,0,
2022-04-27 17:04:00,0,
2022-04-27 17:03:00,0,
2022-04-27 17:02:00,0,
2022-04-27 17:01:00,0,
2022-04-27 17:00:00,0,
2022-04-27 16:59:00,0,
2022-04-27 16:58:00,0,
2022-04-27 16:57:00,0,
2022-04-27 16:56:00,0,
2022-04-27 16:55:00,0,
2022-04-27 16:54:00,0,
2022-04-27 16:53:00,0,
2022-04-27 16:52:00,43,
2022-04-27 16:51:00,68,
2022-04-27 16:50:00,0,
2022-04-27 16:49:00,0,
2022-04-27 16:48:00,39,
2022-04-27 16:47:00,48,
2022-04-27 16:46:00,0,
2022-04-27 16:45:00,0,
2022-04-27 16:44:00,0,
2022-04-27 16:43:00,4,
2022-04-27 16:42:00,21,
2022-04-27 16:41:00,104,
2022-04-27 16:40:00,107,
2022-04-27 16:39:00,55,
2022-04-27 16:38:00,26,
2022-04-27 16:37:00,59,
2022-04-27 16:35:00,7,
2022-04-27 16:32:00,4,
2022-04-27 15:40:00,0,
2022-04-27 15:39:00,0,
2022-04-27 15:38:00,0,
2022-04-27 15:37:00,15,
2022-04-27 15:36:00,45,
2022-04-27 15:35:00,109,
2022-04-27 15:34:00,111,
2022-04-27 15:33:00,104,
2022-04-27 15:32:00,65,
2022-04-27 15:31:00,17,
2022-04-27 15:30:00,122,
2022-04-27 15:29:00,9,
2022-04-27 15:28:00,99,
2022-04-27 15:27:00,0,
2022-04-27 15:26:00,20,
2022-04-27 15:22:00,9,
2022-04-27 15:21:00,11,
2022-04-27 15:20:00,51,
2022-04-27 15:19:00,32,
2022-04-27 15:04:00,0,
2022-04-27 14:58:00,0,
2022-04-27 14:56:00,0,
2022-04-27 14:23:00,0,
2022-04-27 14:20:00,0,
2022-04-27 14:19:00,0,
2022-04-27 14:17:00,0,
2022-04-27 14:16:00,0,
2022-04-27 14:15:00,0,
2022-04-27 14:14:00,0,
2022-04-27 14:06:00,0,
2022-04-27 14:05:00,49,
2022-04-27 14:04:00,17,
2022-04-27 14:03:00,21,
2022-04-27 13:55:00,2,
2022-04-27 13:53:00,0,
2022-04-27 13:46:00,47,
2022-04-27 13:42:00,0,
2022-04-27 13:36:00,0,
2022-04-27 13:34:00,0,
2022-04-27 13:24:00,0,
2022-04-27 13:23:00,0,
2022-04-27 13:18:00,0,
2022-04-27 13:17:00,0,
2022-04-27 13:12:00,0,
2022-04-27 13:07:00,0,
2022-04-27 13:06:00,0,
2022-04-27 13:05:00,0,
2022-04-27 13:04:00,0,
2022-04-27 13:03:00,0,
2022-04-27 13:02:00,0,
2022-04-27 13:00:00,0,
2022-04-27 12:59:00,0,
2022-04-27 12:57:00,0,
2022-04-27 12:56:00,0,
2022-04-27 12:55:00,15,
2022-04-27 12:52:00,0,
2022-04-27 12:45:00,0,
2022-04-27 12:44:00,0,
2022-04-27 12:43:00,0,
2022-04-27 12:42:00,0,
2022-04-27 12:41:00,0,
2022-04-27 12:40:00,0,
2022-04-27 12:39:00,0,
2022-04-27 12:38:00,0,
2022-04-27 12:37:00,0,
2022-04-27 12:36:00,0,
2022-04-27 12:35:00,0,
2022-04-27 12:34:00,0,
2022-04-27 12:33:00,19,
2022-04-27 12:32:00,0,
2022-04-27 12:31:00,14,
2022-04-27 12:30:00,82,
2022-04-27 12:29:00,13,
2022-04-27 12:28:00,109,
2022-04-27 12:27:00,0,
2022-04-27 12:26:00,81,
2022-04-27 12:25:00,115,
2022-04-27 12:24:00,107,
2022-04-27 12:23:00,106,
2022-04-27 12:16:00,0,
2022-04-27 12:14:00,0,
2022-04-27 12:13:00,0,
2022-04-27 12:11:00,9,
2022-04-27 12:10:00,0,
2022-04-27 12:08:00,0,
2022-04-27 12:07:00,0,
2022-04-27 12:06:00,0,
2022-04-27 12:05:00,18,
2022-04-27 12:04:00,16,
2022-04-27 12:03:00,22,
2022-04-27 12:02:00,91,
2022-04-27 12:01:00,102,
2022-04-27 12:00:00,103,
2022-04-27 11:59:00,37,
2022-04-27 11:58:00,49,
2022-04-27 11:57:00,0,
2022-04-27 11:56:00,0,
2022-04-27 11:55:00,0,
2022-04-27 11:54:00,0,
2022-04-27 11:52:00,0,
2022-04-27 11:51:00,0,
2022-04-27 11:50:00,0,
2022-04-27 11:48:00,0,
2022-04-27 11:47:00,0,
2022-04-27 11:44:00,0,
2022-04-27 11:43:00,0,
2022-04-27 11:42:00,0,
2022-04-27 11:39:00,0,
2022-04-27 11:38:00,0,
2022-04-27 11:37:00,0,
2022-04-27 11:36:00,0,
2022-04-27 11:35:00,0,
2022-04-27 11:34:00,0,
2022-04-27 11:33:00,0,
2022-04-27 11:32:00,0,
2022-04-27 11:30:00,0,
2022-04-27 11:29:00,0,
2022-04-27 11:28:00,0,
2022-04-27 11:27:00,0,
2022-04-27 11:26:00,13,
2022-04-27 11:25:00,0,
2022-04-27 11:24:00,0,
2022-04-27 11:23:00,0,
2022-04-27 11:22:00,0,
2022-04-27 11:21:00,0,
2022-04-27 11:20:00,0,
2022-04-27 00:05:00,0,
2022-04-27 00:03:00,0,
2022-04-27 00:02:00,29,
2022-04-27 00:01:00,38,
2022-04-27 00:00:00,42,
2022-04-26 23:59:00,0,
2022-04-26 23:58:00,2,
2022-04-26 23:57:00,0,
2022-04-26 23:56:00,0,
2022-04-26 23:55:00,15,
2022-04-26 23:54:00,0,
2022-04-26 23:53:00,0,
2022-04-26 23:52:00,0,
2022-04-26 23:51:00,0,
2022-04-26 23:48:00,0,
2022-04-26 23:45:00,0,
2022-04-26 23:44:00,0,
2022-04-26 23:17:00,0,
2022-04-26 23:16:00,0,
2022-04-26 23:15:00,53,
2022-04-26 23:14:00,0,
2022-04-26 23:13:00,0,
2022-04-26 23:11:00,0,
2022-04-26 22:46:00,0,
2022-04-26 22:45:00,0,
2022-04-26 22:39:00,0,
2022-04-26 22:37:00,0,
2022-04-26 22:36:00,0,
2022-04-26 22:34:00,0,
2022-04-26 22:33:00,0,
2022-04-26 22:31:00,0,
2022-04-26 22:29:00,0,
2022-04-26 22:28:00,46,
2022-04-26 22:27:00,78,
2022-04-26 22:26:00,107,
2022-04-26 22:25:00,101,
2022-04-26 22:24:00,101,
2022-04-26 22:23:00,63,
2022-04-26 22:22:00,47,
2022-04-26 22:21:00,97,
2022-04-26 22:20:00,32,
2022-04-26 20:44:00,0,
2022-04-26 20:43:00,0,
2022-04-26 20:42:00,0,
2022-04-26 20:41:00,77,
2022-04-26 20:40:00,62,
2022-04-26 20:39:00,0,
2022-04-26 20:38:00,61,
2022-04-26 20:37:00,78,
2022-04-26 20:36:00,99,
2022-04-26 20:35:00,108,
2022-04-26 20:34:00,107,
2022-04-26 20:33:00,76,
2022-04-26 20:32:00,91,
2022-04-26 20:31:00,107,
2022-04-26 20:30:00,111,
2022-04-26 20:29:00,107,
2022-04-26 20:28:00,108,
2022-04-26 20:27:00,100,
2022-04-26 20:26:00,105,
2022-04-26 20:25:00,104,
2022-04-26 20:24:00,98,
2022-04-26 20:23:00,140,
2022-04-26 20:22:00,162,
2022-04-26 20:21:00,161,
2022-04-26 20:20:00,161,
2022-04-26 20:19:00,159,
2022-04-26 20:18:00,161,
2022-04-26 20:17:00,161,
2022-04-26 20:16:00,160,
2022-04-26 20:15:00,158,
2022-04-26 20:14:00,160,
2022-04-26 20:13:00,123,
2022-04-26 20:12:00,114,
2022-04-26 20:11:00,114,
2022-04-26 20:10:00,115,
2022-04-26 20:09:00,114,
2022-04-26 20:08:00,111,
2022-04-26 20:07:00,110,
2022-04-26 20:06:00,128,
2022-04-26 20:05:00,48,
2022-04-26 20:04:00,53,
2022-04-26 20:03:00,0,
2022-04-26 20:02:00,0,
2022-04-26 20:01:00,0,
2022-04-26 20:00:00,0,
2022-04-26 19:59:00,0,
2022-04-26 19:58:00,0,
2022-04-26 19:57:00,0,
2022-04-26 19:56:00,0,
2022-04-26 19:53:00,0,
2022-04-26 19:52:00,3,
2022-04-26 19:51:00,43,
2022-04-26 19:50:00,4,
2022-04-26 19:49:00,0,
2022-04-26 19:48:00,0,
2022-04-26 19:47:00,0,
2022-04-26 19:46:00,24,
2022-04-26 18:37:00,0,
2022-04-26 18:34:00,0,
2022-04-26 18:32:00,0,
2022-04-26 18:29:00,0,
2022-04-26 18:28:00,0,
2022-04-26 18:27:00,0,
2022-04-26 18:26:00,0,
2022-04-26 18:25:00,0,
2022-04-26 18:23:00,0,
2022-04-26 18:22:00,0,
2022-04-26 18:21:00,0,
2022-04-26 18:19:00,0,
2022-04-26 18:16:00,0,
2022-04-26 18:15:00,0,
2022-04-26 18:14:00,0,
2022-04-26 18:13:00,0,
2022-04-26 18:12:00,0,
2022-04-26 18:11:00,0,
2022-04-26 18:10:00,0,
2022-04-26 18:09:00,0,
2022-04-26 18:08:00,0,
2022-04-26 18:07:00,0,
2022-04-26 18:06:00,0,
2022-04-26 18:05:00,0,
2022-04-26 18:04:00,0,
2022-04-26 18:03:00,0,
2022-04-26 18:02:00,0,
2022-04-26 18:01:00,0,
2022-04-26 18:00:00,0,
2022-04-26 17:59:00,0,
2022-04-26 17:58:00,0,
2022-04-26 17:57:00,0,
2022-04-26 17:56:00,0,
2022-04-26 17:55:00,0,
2022-04-26 17:54:00,0,
2022-04-26 17:53:00,0,
2022-04-26 17:52:00,10,
2022-04-26 17:51:00,74,
2022-04-26 17:50:00,30,
2022-04-26 17:49:00,69,
2022-04-26 17:48:00,103,
2022-04-26 17:47:00,20,
2022-04-26 17:46:00,110,
2022-04-26 17:45:00,112,
2022-04-26 17:44:00,100,
2022-04-26 17:43:00,36,
2022-04-26 17:28:00,7,
2022-04-26 17:27:00,30,
2022-04-26 17:26:00,22,
2022-04-26 17:25:00,94,
2022-04-26 17:24:00,104,
2022-04-26 17:23:00,105,
2022-04-26 17:22:00,33,
2022-04-26 17:21:00,24,
2022-04-26 17:20:00,46,
2022-04-26 17:19:00,89,
2022-04-26 17:18:00,82,
2022-04-26 17:17:00,30,
2022-04-26 17:16:00,21,
2022-04-26 17:15:00,30,
2022-04-26 17:12:00,0,
2022-04-26 17:05:00,0,
2022-04-26 17:02:00,0,
2022-04-26 16:58:00,0,
2022-04-26 16:57:00,36,
2022-04-26 16:56:00,51,
2022-04-26 16:55:00,66,
2022-04-26 16:54:00,0,
2022-04-26 16:53:00,0,
2022-04-26 16:52:00,0,
2022-04-26 16:29:00,0,
2022-04-26 16:25:00,5,
2022-04-26 16:24:00,62,
2022-04-26 16:23:00,66,
2022-04-26 15:51:00,0,
2022-04-26 15:47:00,0,
2022-04-26 15:38:00,0,
2022-04-26 15:37:00,0,
2022-04-26 15:34:00,0,
2022-04-26 15:33:00,0,
2022-04-26 15:32:00,0,
2022-04-26 15:31:00,0,
2022-04-26 15:30:00,0,
2022-04-26 15:29:00,72,
2022-04-26 15:28:00,50,
2022-04-26 15:27:00,0,
2022-04-26 15:26:00,69,
2022-04-26 15:25:00,122,
2022-04-26 15:24:00,114,
2022-04-26 15:23:00,116,
2022-04-26 15:22:00,54,
2022-04-26 15:21:00,72,
2022-04-26 15:20:00,68,
2022-04-26 15:19:00,0,
2022-04-26 15:18:00,0,
2022-04-26 15:12:00,0,
2022-04-26 15:10:00,0,
2022-04-26 15:06:00,0,
2022-04-26 15:03:00,0,
2022-04-26 15:02:00,0,
2022-04-26 14:54:00,44,
2022-04-26 14:53:00,50,
2022-04-26 10:15:00,6,
2022-04-26 10:03:00,16,
2022-04-26 04:51:00,0,
2022-04-25 23:21:00,0,
2022-04-25 22:55:00,0,
2022-04-25 22:46:00,0,
2022-04-25 22:25:00,0,
2022-04-25 22:24:00,0,
2022-04-25 22:22:00,0,
2022-04-25 22:21:00,0,
2022-04-25 22:19:00,0,
2022-04-25 22:18:00,0,
2022-04-25 22:17:00,24,
2022-04-25 22:16:00,54,
2022-04-25 22:15:00,91,
2022-04-25 22:14:00,99,
2022-04-25 22:13:00,101,
2022-04-25 22:12:00,97,
2022-04-25 22:11:00,0,
2022-04-25 22:10:00,57,
2022-04-25 22:09:00,95,
2022-04-25 22:08:00,0,
2022-04-25 22:07:00,30,
2022-04-25 22:06:00,0,
2022-04-25 22:05:00,0,
2022-04-25 22:04:00,0,
2022-04-25 21:58:00,0,
2022-04-25 21:57:00,0,
2022-04-25 21:56:00,23,
2022-04-25 21:55:00,0,
2022-04-25 21:54:00,0,
2022-04-25 21:52:00,0,
2022-04-25 21:51:00,0,
2022-04-25 21:43:00,0,
2022-04-25 21:37:00,0,
2022-04-25 21:35:00,0,
2022-04-25 21:34:00,0,
2022-04-25 21:33:00,0,
2022-04-25 21:32:00,0,
2022-04-25 21:31:00,0,
2022-04-25 21:30:00,0,
2022-04-25 21:29:00,0,
2022-04-25 21:27:00,0,
2022-04-25 21:26:00,0,
2022-04-25 21:25:00,0,
2022-04-25 21:24:00,0,
2022-04-25 21:23:00,0,
2022-04-25 21:22:00,0,
2022-04-25 21:20:00,0,
2022-04-25 21:19:00,0,
2022-04-25 21:18:00,0,
2022-04-25 21:17:00,0,
2022-04-25 21:15:00,0,
2022-04-25 21:14:00,0,
2022-04-25 21:13:00,0,
2022-04-25 21:11:00,0,
2022-04-25 21:10:00,0,
2022-04-25 21:09:00,0,
2022-04-25 21:07:00,0,
2022-04-25 21:06:00,0,
2022-04-25 21:05:00,0,
2022-04-25 21:04:00,0,
2022-04-25 21:01:00,0,
2022-04-25 21:00:00,0,
2022-04-25 20:59:00,0,
2022-04-25 20:58:00,0,
2022-04-25 20:57:00,0,
2022-04-25 20:56:00,0,
2022-04-25 20:55:00,0,
2022-04-25 20:54:00,0,
2022-04-25 20:53:00,0,
2022-04-25 20:52:00,0,
2022-04-25 20:51:00,0,
2022-04-25 20:50:00,0,
2022-04-25 20:49:00,0,
2022-04-25 20:48:00,0,
2022-04-25 20:47:00,0,
2022-04-25 20:46:00,0,
2022-04-25 20:45:00,0,
2022-04-25 20:44:00,0,
2022-04-25 20:43:00,0,
2022-04-25 20:42:00,0,
2022-04-25 20:41:00,0,
2022-04-25 20:40:00,0,
2022-04-25 20:39:00,0,
2022-04-25 20:38:00,0,
2022-04-25 20:37:00,0,
2022-04-25 20:36:00,0,
2022-04-25 20:35:00,0,
2022-04-25 20:34:00,0,
2022-04-25 20:33:00,0,
2022-04-25 20:32:00,0,
2022-04-25 20:31:00,0,
2022-04-25 20:30:00,0,
2022-04-25 20:29:00,0,
2022-04-25 20:28:00,0,
2022-04-25 20:27:00,0,
2022-04-25 20:26:00,0,
2022-04-25 20:25:00,0,
2022-04-25 20:24:00,0,
2022-04-25 20:23:00,0,
2022-04-25 20:22:00,0,
2022-04-25 20:21:00,0,
2022-04-25 20:20:00,0,
2022-04-25 20:19:00,0,
2022-04-25 20:18:00,71,
2022-04-25 20:17:00,67,
2022-04-25 20:16:00,0,
2022-04-25 20:15:00,0,
2022-04-25 20:14:00,0,
2022-04-25 20:13:00,0,
2022-04-25 20:12:00,0,
2022-04-25 20:10:00,0,
2022-04-25 20:09:00,0,
2022-04-25 20:08:00,0,
2022-04-25 20:07:00,0,
2022-04-25 20:06:00,0,
2022-04-25 20:05:00,0,
2022-04-25 20:04:00,0,
2022-04-25 20:03:00,0,
2022-04-25 20:02:00,0,
2022-04-25 20:01:00,0,
2022-04-25 20:00:00,0,
2022-04-25 19:59:00,0,
2022-04-25 19:58:00,0,
2022-04-25 19:57:00,0,
2022-04-25 19:56:00,0,
2022-04-25 19:55:00,0,
2022-04-25 19:54:00,0,
2022-04-25 19:53:00,0,
2022-04-25 19:52:00,0,
2022-04-25 19:51:00,0,
2022-04-25 19:50:00,0,
2022-04-25 19:49:00,0,
2022-04-25 19:48:00,0,
2022-04-25 19:47:00,0,
2022-04-25 19:46:00,0,
2022-04-25 19:45:00,0,
2022-04-25 19:44:00,0,
2022-04-25 19:43:00,0,
2022-04-25 19:42:00,0,
2022-04-25 19:41:00,0,
2022-04-25 19:40:00,0,
2022-04-25 19:39:00,0,
2022-04-25 19:37:00,0,
2022-04-25 19:36:00,0,
2022-04-25 19:35:00,0,
2022-04-25 19:34:00,0,
2022-04-25 19:33:00,1,
2022-04-25 19:32:00,0,
2022-04-25 19:31:00,0,
2022-04-25 19:30:00,0,
2022-04-25 19:29:00,0,
2022-04-25 19:28:00,0,
2022-04-25 19:27:00,0,
2022-04-25 19:26:00,0,
2022-04-25 19:25:00,0,
2022-04-25 19:24:00,0,
2022-04-25 19:23:00,0,
2022-04-25 19:22:00,0,
2022-04-25 19:21:00,0,
2022-04-25 19:20:00,0,
2022-04-25 19:19:00,0,
2022-04-25 19:17:00,0,
2022-04-25 19:16:00,0,
2022-04-25 19:15:00,0,
2022-04-25 19:14:00,0,
2022-04-25 19:13:00,0,
2022-04-25 19:12:00,0,
2022-04-25 19:11:00,0,
2022-04-25 19:10:00,0,
2022-04-25 19:09:00,0,
2022-04-25 19:08:00,0,
2022-04-25 19:07:00,0,
2022-04-25 19:06:00,0,
2022-04-25 19:05:00,0,
2022-04-25 19:04:00,0,
2022-04-25 19:03:00,0,
2022-04-25 19:02:00,0,
2022-04-25 19:01:00,0,
2022-04-25 19:00:00,0,
2022-04-25 18:59:00,0,
2022-04-25 18:58:00,0,
2022-04-25 18:57:00,0,
2022-04-25 18:56:00,0,
2022-04-25 18:55:00,0,
2022-04-25 18:54:00,0,
2022-04-25 18:53:00,0,
2022-04-25 18:52:00,0,
2022-04-25 18:51:00,0,
2022-04-25 18:50:00,0,
2022-04-25 18:49:00,0,
2022-04-25 18:48:00,0,
2022-04-25 18:47:00,0,
2022-04-25 18:46:00,0,
2022-04-25 18:45:00,0,
2022-04-25 18:44:00,0,
2022-04-25 18:43:00,0,
2022-04-25 18:42:00,0,
2022-04-25 18:41:00,0,
2022-04-25 18:40:00,0,
2022-04-25 18:39:00,0,
2022-04-25 18:38:00,0,
2022-04-25 18:37:00,0,
2022-04-25 18:36:00,0,
2022-04-25 18:35:00,0,
2022-04-25 18:34:00,0,
2022-04-25 18:33:00,0,
2022-04-25 18:32:00,0,
2022-04-25 18:31:00,0,
2022-04-25 18:30:00,0,
2022-04-25 18:29:00,0,
2022-04-25 18:28:00,0,
2022-04-25 18:27:00,0,
2022-04-25 18:26:00,0,
2022-04-25 18:25:00,0,
2022-04-25 18:24:00,0,
2022-04-25 18:23:00,0,
2022-04-25 18:22:00,0,
2022-04-25 18:21:00,0,
2022-04-25 18:20:00,0,
2022-04-25 18:19:00,0,
2022-04-25 18:18:00,0,
2022-04-25 18:17:00,0,
2022-04-25 18:16:00,0,
2022-04-25 18:15:00,0,
2022-04-25 18:14:00,0,
2022-04-25 18:13:00,0,
2022-04-25 18:12:00,0,
2022-04-25 18:11:00,0,
2022-04-25 18:10:00,0,
2022-04-25 18:09:00,0,
2022-04-25 18:08:00,0,
2022-04-25 18:07:00,0,
2022-04-25 18:06:00,0,
2022-04-25 18:05:00,0,
2022-04-25 18:04:00,0,
2022-04-25 18:03:00,0,
2022-04-25 18:02:00,0,
2022-04-25 18:01:00,0,
2022-04-25 18:00:00,0,
2022-04-25 17:59:00,0,
2022-04-25 17:58:00,34,
2022-04-25 17:57:00,64,
2022-04-25 17:56:00,33,
2022-04-25 17:55:00,112,
2022-04-25 17:54:00,111,
2022-04-25 17:53:00,117,
2022-04-25 17:52:00,37,
2022-04-25 17:51:00,58,
2022-04-25 17:50:00,111,
2022-04-25 17:49:00,109,
2022-04-25 17:48:00,110,
2022-04-25 17:47:00,114,
2022-04-25 17:46:00,108,
2022-04-25 17:45:00,77,
2022-04-25 17:44:00,8,
2022-04-25 17:43:00,0,
2022-04-25 17:42:00,0,
2022-04-25 17:41:00,0,
2022-04-25 17:40:00,0,
2022-04-25 17:39:00,0,
2022-04-25 17:38:00,0,
2022-04-25 17:37:00,0,
2022-04-25 17:36:00,0,
2022-04-25 17:35:00,0,
2022-04-25 17:34:00,0,
2022-04-25 17:33:00,0,
2022-04-25 17:32:00,38,
2022-04-25 17:31:00,40,
2022-04-25 17:30:00,18,
2022-04-25 17:29:00,63,
2022-04-25 17:28:00,66,
2022-04-25 17:27:00,92,
2022-04-25 17:26:00,103,
2022-04-25 17:25:00,103,
2022-04-25 17:24:00,104,
2022-04-25 17:23:00,94,
2022-04-25 17:22:00,102,
2022-04-25 17:21:00,102,
2022-04-25 17:20:00,81,
2022-04-25 17:19:00,0,
2022-04-25 17:18:00,58,
2022-04-25 17:17:00,27,
2022-04-25 17:16:00,0,
2022-04-25 17:15:00,0,
2022-04-25 17:14:00,0,
2022-04-25 17:13:00,0,
2022-04-25 17:12:00,0,
2022-04-25 17:09:00,0,
2022-04-25 17:08:00,0,
2022-04-25 17:04:00,0,
2022-04-25 17:03:00,0,
2022-04-25 17:01:00,0,
2022-04-25 17:00:00,0,
2022-04-25 16:58:00,0,
2022-04-25 16:56:00,0,
2022-04-25 16:55:00,0,
2022-04-25 16:54:00,0,
2022-04-25 16:53:00,0,
2022-04-25 16:52:00,0,
2022-04-25 16:51:00,0,
2022-04-25 16:50:00,0,
2022-04-25 16:49:00,0,
2022-04-25 16:48:00,0,
2022-04-25 16:47:00,0,
2022-04-25 16:46:00,0,
2022-04-25 16:45:00,0,
2022-04-25 16:44:00,0,
2022-04-25 16:43:00,0,
2022-04-25 16:42:00,0,
2022-04-25 16:41:00,0,
2022-04-25 16:40:00,0,
2022-04-25 16:39:00,0,
2022-04-25 16:38:00,0,
2022-04-25 16:37:00,0,
2022-04-25 16:36:00,0,
2022-04-25 16:35:00,0,
2022-04-25 16:34:00,0,
2022-04-25 16:33:00,0,
2022-04-25 16:32:00,0,
2022-04-25 16:31:00,0,
2022-04-25 16:30:00,0,
2022-04-25 16:29:00,0,
2022-04-25 16:28:00,42,
2022-04-25 16:27:00,50,
2022-04-25 16:26:00,58,
2022-04-25 16:25:00,52,
2022-04-25 16:24:00,24,
2022-04-25 16:23:00,19,
2022-04-25 16:22:00,9,
2022-04-25 16:21:00,50,
2022-04-25 16:20:00,59,
2022-04-25 16:19:00,108,
2022-04-25 16:18:00,107,
2022-04-25 16:17:00,98,
2022-04-25 16:16:00,103,
2022-04-25 16:15:00,91,
2022-04-25 16:14:00,107,
2022-04-25 16:13:00,111,
2022-04-25 16:12:00,112,
2022-04-25 16:11:00,107,
2022-04-25 16:10:00,93,
2022-04-25 16:09:00,117,
2022-04-25 16:08:00,69,
2022-04-25 16:07:00,108,
2022-04-25 16:06:00,108,
2022-04-25 16:05:00,113,
2022-04-25 16:04:00,108,
2022-04-25 16:03:00,114,
2022-04-25 16:02:00,112,
2022-04-25 16:01:00,113,
2022-04-25 16:00:00,109,
2022-04-25 15:59:00,111,
2022-04-25 15:58:00,108,
2022-04-25 15:57:00,74,
2022-04-25 15:56:00,3,
2022-04-25 15:55:00,80,
2022-04-25 15:54:00,6,
2022-04-25 15:53:00,0,
2022-04-25 15:52:00,0,
2022-04-25 15:51:00,0,
2022-04-25 15:50:00,0,
2022-04-25 15:49:00,0,
2022-04-25 15:48:00,36,
2022-04-25 15:47:00,80,
2022-04-25 15:46:00,42,
2022-04-25 15:45:00,108,
2022-04-25 15:44:00,113,
2022-04-25 15:43:00,71,
2022-04-25 15:42:00,59,
2022-04-25 15:41:00,0,
2022-04-25 15:40:00,0,
2022-04-25 15:39:00,0,
2022-04-25 15:38:00,0,
2022-04-25 15:37:00,60,
2022-04-25 15:36:00,0,
2022-04-25 15:35:00,0,
2022-04-25 15:34:00,0,
2022-04-25 15:33:00,0,
2022-04-25 15:32:00,0,
2022-04-25 15:31:00,0,
2022-04-25 15:30:00,0,
2022-04-25 15:29:00,0,
2022-04-25 15:28:00,0,
2022-04-25 15:27:00,0,
2022-04-25 15:26:00,2,
2022-04-25 15:25:00,14,
2022-04-25 15:24:00,0,
2022-04-25 15:23:00,0,
2022-04-25 15:22:00,0,
2022-04-25 15:21:00,0,
2022-04-25 15:20:00,0,
2022-04-25 15:19:00,0,
2022-04-25 15:18:00,0,
2022-04-25 15:17:00,5,
2022-04-25 15:16:00,105,
2022-04-25 15:15:00,116,
2022-04-25 15:14:00,103,
2022-04-25 15:13:00,124,
2022-04-25 15:12:00,2,
2022-04-25 15:11:00,2,
2022-04-25 15:10:00,70,
2022-04-25 15:09:00,130,
2022-04-25 15:08:00,73,
2022-04-25 15:07:00,67,
2022-04-25 15:06:00,89,
2022-04-25 15:05:00,72,
2022-04-25 15:04:00,0,
2022-04-25 15:03:00,0,
2022-04-25 15:02:00,13,
2022-04-25 15:01:00,0,
2022-04-25 15:00:00,0,
2022-04-25 14:59:00,76,
2022-04-25 14:58:00,0,
2022-04-25 14:57:00,0,
2022-04-25 14:56:00,0,
2022-04-25 14:55:00,45,
2022-04-25 14:54:00,42,
2022-04-25 14:53:00,20,
2022-04-25 14:52:00,22,
2022-04-25 14:51:00,0,
2022-04-25 14:50:00,34,
2022-04-25 14:49:00,19,
2022-04-25 14:48:00,19,
2022-04-25 14:47:00,18,
2022-04-25 14:46:00,0,
2022-04-25 14:45:00,0,
2022-04-25 14:44:00,34,
2022-04-25 14:43:00,68,
2022-04-25 14:42:00,95,
2022-04-25 14:41:00,101,
2022-04-25 14:40:00,105,
2022-04-25 14:39:00,106,
2022-04-25 14:38:00,125,
2022-04-25 14:37:00,0,
2022-04-25 14:36:00,51,
2022-04-25 14:35:00,111,
2022-04-25 14:34:00,115,
2022-04-25 14:33:00,118,
2022-04-25 14:32:00,107,
2022-04-25 14:31:00,76,
2022-04-25 14:30:00,88,
2022-04-25 14:29:00,85,
2022-04-25 14:28:00,123,
2022-04-25 14:27:00,27,
2022-04-25 14:26:00,0,
2022-04-25 14:25:00,0,
2022-04-25 14:24:00,47,
2022-04-25 14:23:00,42,
2022-04-25 14:22:00,0,
2022-04-25 14:21:00,1,
2022-04-25 14:20:00,13,
2022-04-25 14:17:00,26,
2022-04-25 14:16:00,33,
2022-04-25 14:10:00,11,
2022-04-25 12:29:00,26,
2022-04-25 12:23:00,10,
2022-04-25 12:22:00,18,
2022-04-25 12:13:00,0,
2022-04-25 12:12:00,0,
2022-04-25 12:11:00,0,
2022-04-25 12:07:00,0,
2022-04-25 12:06:00,0,
2022-04-25 12:05:00,0,
2022-04-25 12:04:00,0,
2022-04-25 12:02:00,0,
2022-04-25 11:59:00,0,
2022-04-25 11:57:00,9,
2022-04-25 11:56:00,54,
2022-04-25 11:55:00,6,
2022-04-25 11:54:00,0,
2022-04-25 11:51:00,3,
2022-04-25 11:50:00,49,
2022-04-25 11:49:00,7,
2022-04-25 11:48:00,0,
2022-04-25 11:47:00,33,
2022-04-25 11:45:00,0,
2022-04-25 11:44:00,50,
2022-04-25 11:33:00,0,
2022-04-25 11:32:00,15,
2022-04-25 11:20:00,33,
2022-04-25 11:19:00,47,
2022-04-25 11:18:00,27,
2022-04-25 11:17:00,54,
2022-04-25 10:01:00,19,
2022-04-25 01:46:00,4,
2022-04-25 01:29:00,37,
2022-04-25 01:28:00,47,
2022-04-24 23:40:00,0,
2022-04-24 22:06:00,0,
2022-04-24 22:05:00,0,
2022-04-24 22:04:00,54,
2022-04-24 22:03:00,98,
2022-04-24 22:02:00,91,
2022-04-24 22:01:00,101,
2022-04-24 22:00:00,99,
2022-04-24 21:59:00,59,
2022-04-24 21:58:00,90,
2022-04-24 21:57:00,42,
2022-04-24 21:56:00,31,
2022-04-24 21:55:00,20,
2022-04-24 21:45:00,13,
2022-04-24 19:17:00,0,
2022-04-24 19:16:00,0,
2022-04-24 19:15:00,0,
2022-04-24 19:14:00,0,
2022-04-24 19:13:00,0,
2022-04-24 19:12:00,0,
2022-04-24 19:11:00,0,
2022-04-24 19:09:00,0,
2022-04-24 19:07:00,0,
2022-04-24 19:06:00,0,
2022-04-24 19:05:00,0,
2022-04-24 19:04:00,0,
2022-04-24 19:03:00,0,
2022-04-24 19:02:00,0,
2022-04-24 19:01:00,0,
2022-04-24 19:00:00,0,
2022-04-24 18:59:00,0,
2022-04-24 18:58:00,0,
2022-04-24 18:57:00,0,
2022-04-24 18:55:00,0,
2022-04-24 18:54:00,0,
2022-04-24 18:53:00,0,
2022-04-24 18:52:00,0,
2022-04-24 18:51:00,0,
2022-04-24 18:50:00,0,
2022-04-24 18:49:00,0,
2022-04-24 18:48:00,0,
2022-04-24 18:47:00,0,
2022-04-24 18:46:00,0,
2022-04-24 18:45:00,0,
2022-04-24 18:44:00,0,
2022-04-24 18:43:00,0,
2022-04-24 18:42:00,0,
2022-04-24 18:40:00,0,
2022-04-24 18:39:00,0,
2022-04-24 18:38:00,0,
2022-04-24 18:37:00,0,
2022-04-24 18:36:00,0,
2022-04-24 18:35:00,0,
2022-04-24 18:33:00,0,
2022-04-24 18:32:00,0,
2022-04-24 18:31:00,0,
2022-04-24 18:30:00,0,
2022-04-24 18:28:00,0,
2022-04-24 18:27:00,0,
2022-04-24 18:26:00,0,
2022-04-24 18:25:00,0,
2022-04-24 18:24:00,0,
2022-04-24 18:22:00,0,
2022-04-24 18:18:00,0,
2022-04-24 18:17:00,0,
2022-04-24 18:12:00,0,
2022-04-24 18:11:00,0,
2022-04-24 18:10:00,0,
2022-04-24 18:09:00,0,
2022-04-24 18:08:00,0,
2022-04-24 18:07:00,0,
2022-04-24 18:06:00,0,
2022-04-24 18:05:00,0,
2022-04-24 18:04:00,0,
2022-04-24 18:03:00,0,
2022-04-24 18:02:00,29,
2022-04-24 18:01:00,75,
2022-04-24 18:00:00,81,
2022-04-24 17:59:00,106,
2022-04-24 17:58:00,105,
2022-04-24 17:57:00,103,
2022-04-24 17:56:00,81,
2022-04-24 17:55:00,81,
2022-04-24 17:54:00,70,
2022-04-24 17:53:00,69,
2022-04-24 17:52:00,73,
2022-04-24 17:51:00,108,
2022-04-24 17:50:00,110,
2022-04-24 17:49:00,110,
2022-04-24 17:48:00,109,
2022-04-24 17:47:00,130,
2022-04-24 17:46:00,61,
2022-04-24 17:45:00,50,
2022-04-24 17:42:00,0,
2022-04-24 17:41:00,0,
2022-04-24 17:40:00,0,
2022-04-24 17:39:00,0,
2022-04-24 17:38:00,0,
2022-04-24 17:37:00,0,
2022-04-24 17:36:00,0,
2022-04-24 17:35:00,25,
2022-04-24 17:33:00,0,
2022-04-24 17:30:00,0,
2022-04-24 17:29:00,56,
2022-04-24 17:28:00,15,
2022-04-24 17:27:00,3,
2022-04-24 17:26:00,34,
2022-04-24 17:25:00,39,
2022-04-24 17:24:00,3,
2022-04-24 17:23:00,22,
2022-04-24 17:22:00,35,
2022-04-24 17:21:00,25,
2022-04-24 17:20:00,99,
2022-04-24 17:19:00,119,
2022-04-24 17:18:00,0,
2022-04-24 17:17:00,0,
2022-04-24 17:16:00,33,
2022-04-24 17:15:00,103,
2022-04-24 17:14:00,102,
2022-04-24 17:13:00,110,
2022-04-24 17:12:00,108,
2022-04-24 17:11:00,111,
2022-04-24 17:10:00,71,
2022-04-24 17:09:00,39,
2022-04-24 17:08:00,63,
2022-04-24 17:07:00,15,
2022-04-24 17:06:00,0,
2022-04-24 17:05:00,0,
2022-04-24 17:04:00,0,
2022-04-24 17:03:00,0,
2022-04-24 17:02:00,0,
2022-04-24 17:00:00,0,
2022-04-24 16:59:00,0,
2022-04-24 16:58:00,0,
2022-04-24 16:57:00,0,
2022-04-24 16:56:00,0,
2022-04-24 16:55:00,0,
2022-04-24 16:54:00,0,
2022-04-24 16:53:00,0,
2022-04-24 16:52:00,0,
2022-04-24 16:51:00,0,
2022-04-24 16:50:00,0,
2022-04-24 16:49:00,0,
2022-04-24 16:48:00,0,
2022-04-24 16:47:00,0,
2022-04-24 16:46:00,0,
2022-04-24 16:45:00,0,
2022-04-24 16:44:00,0,
2022-04-24 16:43:00,0,
2022-04-24 16:41:00,0,
2022-04-24 16:40:00,0,
2022-04-24 16:39:00,0,
2022-04-24 16:38:00,0,
2022-04-24 16:37:00,0,
2022-04-24 16:36:00,0,
2022-04-24 16:35:00,0,
2022-04-24 16:34:00,0,
2022-04-24 16:33:00,0,
2022-04-24 16:32:00,0,
2022-04-24 16:31:00,0,
2022-04-24 16:30:00,0,
2022-04-24 16:29:00,0,
2022-04-24 16:28:00,0,
2022-04-24 16:27:00,0,
2022-04-24 16:26:00,0,
2022-04-24 16:25:00,7,
2022-04-24 16:24:00,120,
2022-04-24 16:23:00,20,
2022-04-24 16:22:00,49,
2022-04-24 16:21:00,0,
2022-04-24 16:20:00,0,
2022-04-24 16:19:00,0,
2022-04-24 16:17:00,0,
2022-04-24 16:16:00,0,
2022-04-24 16:15:00,0,
2022-04-24 16:14:00,0,
2022-04-24 16:13:00,0,
2022-04-24 16:12:00,0,
2022-04-24 16:11:00,0,
2022-04-24 16:10:00,0,
2022-04-24 16:09:00,0,
2022-04-24 16:08:00,0,
2022-04-24 16:07:00,0,
2022-04-24 16:05:00,0,
2022-04-24 16:04:00,0,
2022-04-24 16:03:00,0,
2022-04-24 16:02:00,0,
2022-04-24 16:01:00,0,
2022-04-24 16:00:00,0,
2022-04-24 15:59:00,0,
2022-04-24 15:58:00,0,
2022-04-24 15:57:00,0,
2022-04-24 15:56:00,0,
2022-04-24 15:55:00,0,
2022-04-24 15:54:00,0,
2022-04-24 15:53:00,0,
2022-04-24 15:52:00,0,
2022-04-24 15:51:00,0,
2022-04-24 15:50:00,0,
2022-04-24 15:49:00,0,
2022-04-24 15:48:00,0,
2022-04-24 15:47:00,0,
2022-04-24 15:46:00,0,
2022-04-24 15:45:00,0,
2022-04-24 15:44:00,0,
2022-04-24 15:43:00,0,
2022-04-24 15:42:00,0,
2022-04-24 15:41:00,0,
2022-04-24 15:40:00,0,
2022-04-24 15:39:00,0,
2022-04-24 15:38:00,0,
2022-04-24 15:37:00,0,
2022-04-24 15:36:00,0,
2022-04-24 15:35:00,0,
2022-04-24 15:34:00,0,
2022-04-24 15:33:00,0,
2022-04-24 15:31:00,0,
2022-04-24 15:30:00,0,
2022-04-24 15:29:00,0,
2022-04-24 15:28:00,0,
2022-04-24 15:27:00,0,
2022-04-24 15:26:00,0,
2022-04-24 15:25:00,0,
2022-04-24 15:24:00,0,
2022-04-24 15:23:00,0,
2022-04-24 15:22:00,0,
2022-04-24 15:21:00,0,
2022-04-24 15:20:00,0,
2022-04-24 15:19:00,0,
2022-04-24 15:18:00,0,
2022-04-24 15:17:00,0,
2022-04-24 15:16:00,0,
2022-04-24 15:15:00,0,
2022-04-24 15:14:00,0,
2022-04-24 15:13:00,0,
2022-04-24 15:12:00,0,
2022-04-24 15:11:00,0,
2022-04-24 15:10:00,0,
2022-04-24 15:09:00,0,
2022-04-24 15:07:00,0,
2022-04-24 15:06:00,0,
2022-04-24 15:05:00,0,
2022-04-24 15:03:00,0,
2022-04-24 15:02:00,0,
2022-04-24 15:00:00,0,
2022-04-24 14:59:00,0,
2022-04-24 14:58:00,0,
2022-04-24 14:57:00,0,
2022-04-24 14:55:00,0,
2022-04-24 14:53:00,0,
2022-04-24 14:52:00,0,
2022-04-24 14:51:00,0,
2022-04-24 14:50:00,0,
2022-04-24 14:49:00,0,
2022-04-24 14:48:00,0,
2022-04-24 14:47:00,0,
2022-04-24 14:45:00,0,
2022-04-24 14:44:00,0,
2022-04-24 14:43:00,0,
2022-04-24 14:42:00,0,
2022-04-24 14:40:00,0,
2022-04-24 14:39:00,0,
2022-04-24 14:38:00,0,
2022-04-24 14:37:00,0,
2022-04-24 14:35:00,0,
2022-04-24 14:34:00,0,
2022-04-24 14:33:00,0,
2022-04-24 14:32:00,0,
2022-04-24 14:31:00,0,
2022-04-24 14:30:00,0,
2022-04-24 14:29:00,0,
2022-04-24 14:28:00,0,
2022-04-24 14:27:00,0,
2022-04-24 14:26:00,0,
2022-04-24 14:25:00,0,
2022-04-24 14:24:00,0,
2022-04-24 14:23:00,0,
2022-04-24 14:22:00,0,
2022-04-24 14:21:00,0,
2022-04-24 14:20:00,0,
2022-04-24 14:19:00,0,
2022-04-24 14:18:00,0,
2022-04-24 14:17:00,0,
2022-04-24 14:16:00,0,
2022-04-24 14:15:00,0,
2022-04-24 14:14:00,0,
2022-04-24 14:13:00,0,
2022-04-24 14:12:00,0,
2022-04-24 14:11:00,0,
2022-04-24 14:10:00,0,
2022-04-24 14:09:00,0,
2022-04-24 14:08:00,0,
2022-04-24 14:07:00,0,
2022-04-24 14:05:00,0,
2022-04-24 14:04:00,0,
2022-04-24 14:03:00,0,
2022-04-24 14:02:00,0,
2022-04-24 14:01:00,0,
2022-04-24 14:00:00,0,
2022-04-24 13:58:00,0,
2022-04-24 13:55:00,0,
2022-04-24 13:54:00,0,
2022-04-24 13:53:00,0,
2022-04-24 13:52:00,0,
2022-04-24 13:51:00,0,
2022-04-24 13:50:00,0,
2022-04-24 13:49:00,0,
2022-04-24 13:48:00,0,
2022-04-24 13:47:00,0,
2022-04-24 13:46:00,0,
2022-04-24 13:45:00,0,
2022-04-24 13:44:00,0,
2022-04-24 13:43:00,0,
2022-04-24 13:42:00,0,
2022-04-24 13:41:00,0,
2022-04-24 13:40:00,0,
2022-04-24 13:39:00,0,
2022-04-24 13:38:00,0,
2022-04-24 13:37:00,0,
2022-04-24 13:36:00,0,
2022-04-24 13:35:00,0,
2022-04-24 13:34:00,0,
2022-04-24 13:33:00,0,
2022-04-24 13:32:00,0,
2022-04-24 13:31:00,0,
2022-04-24 13:30:00,0,
2022-04-24 13:29:00,0,
2022-04-24 13:28:00,0,
2022-04-24 13:27:00,0,
2022-04-24 13:26:00,0,
2022-04-24 13:25:00,0,
2022-04-24 13:24:00,0,
2022-04-24 13:23:00,0,
2022-04-24 13:22:00,0,
2022-04-24 13:21:00,0,
2022-04-24 13:20:00,0,
2022-04-24 13:19:00,0,
2022-04-24 13:18:00,0,
2022-04-24 13:17:00,0,
2022-04-24 13:16:00,0,
2022-04-24 13:15:00,0,
2022-04-24 13:12:00,0,
2022-04-24 13:10:00,0,
2022-04-24 13:09:00,0,
2022-04-24 12:56:00,0,
2022-04-24 12:55:00,0,
2022-04-24 12:51:00,0,
2022-04-24 12:45:00,0,
2022-04-24 12:44:00,0,
2022-04-24 12:39:00,0,
2022-04-24 12:37:00,0,
2022-04-24 12:36:00,0,
2022-04-24 12:35:00,0,
2022-04-24 12:34:00,0,
2022-04-24 12:33:00,0,
2022-04-24 12:32:00,0,
2022-04-24 12:31:00,0,
2022-04-24 12:29:00,0,
2022-04-24 12:28:00,0,
2022-04-24 12:27:00,0,
2022-04-24 12:26:00,0,
2022-04-24 12:25:00,0,
2022-04-24 12:24:00,0,
2022-04-24 12:23:00,0,
2022-04-24 12:22:00,0,
2022-04-24 12:18:00,0,
2022-04-24 12:17:00,0,
2022-04-24 12:16:00,0,
2022-04-24 12:15:00,0,
2022-04-24 12:14:00,0,
2022-04-24 12:13:00,13,
2022-04-24 12:12:00,95,
2022-04-24 12:11:00,6,
2022-04-24 12:10:00,43,
2022-04-24 12:09:00,119,
2022-04-24 12:08:00,117,
2022-04-24 12:07:00,109,
2022-04-24 12:06:00,40,
2022-04-24 12:05:00,49,
2022-04-24 12:04:00,0,
2022-04-24 12:03:00,20,
2022-04-24 12:02:00,99,
2022-04-24 12:01:00,72,
2022-04-24 12:00:00,110,
2022-04-24 11:59:00,95,
2022-04-24 11:58:00,0,
2022-04-24 11:57:00,0,
2022-04-24 11:56:00,0,
2022-04-24 11:55:00,0,
2022-04-24 11:54:00,0,
2022-04-24 11:53:00,0,
2022-04-24 11:52:00,0,
2022-04-24 11:51:00,9,
2022-04-24 11:50:00,27,
2022-04-24 11:49:00,72,
2022-04-24 11:48:00,64,
2022-04-24 11:47:00,0,
2022-04-24 11:46:00,0,
2022-04-24 11:45:00,0,
2022-04-24 11:44:00,101,
2022-04-24 11:43:00,110,
2022-04-24 11:42:00,42,
2022-04-24 11:41:00,114,
2022-04-24 11:40:00,116,
2022-04-24 11:39:00,46,
2022-04-24 11:38:00,0,
2022-04-24 11:37:00,0,
2022-04-24 11:36:00,0,
2022-04-24 11:35:00,93,
2022-04-24 11:34:00,115,
2022-04-24 11:33:00,22,
2022-04-24 11:32:00,30,
2022-04-24 11:31:00,0,
2022-04-24 11:30:00,0,
2022-04-24 11:29:00,0,
2022-04-24 11:28:00,0,
2022-04-24 11:26:00,0,
2022-04-24 11:25:00,0,
2022-04-24 11:24:00,0,
2022-04-23 23:02:00,30,
2022-04-23 22:51:00,31,
2022-04-23 22:50:00,29,
2022-04-23 22:49:00,46,
2022-04-23 22:28:00,0,
2022-04-23 22:27:00,0,
2022-04-23 22:25:00,0,
2022-04-23 22:24:00,13,
2022-04-23 22:23:00,65,
2022-04-23 22:22:00,93,
2022-04-23 22:21:00,99,
2022-04-23 22:20:00,102,
2022-04-23 22:19:00,101,
2022-04-23 22:18:00,82,
2022-04-23 22:17:00,0,
2022-04-23 22:16:00,71,
2022-04-23 22:15:00,82,
2022-04-23 22:14:00,36,
2022-04-23 22:13:00,20,
2022-04-23 22:12:00,0,
2022-04-23 21:02:00,0,
2022-04-23 21:00:00,0,
2022-04-23 20:59:00,0,
2022-04-23 20:57:00,0,
2022-04-23 20:56:00,0,
2022-04-23 20:54:00,0,
2022-04-23 20:53:00,0,
2022-04-23 20:52:00,0,
2022-04-23 20:51:00,0,
2022-04-23 20:50:00,0,
2022-04-23 20:48:00,0,
2022-04-23 20:46:00,0,
2022-04-23 20:44:00,0,
2022-04-23 20:43:00,0,
2022-04-23 20:42:00,0,
2022-04-23 20:41:00,0,
2022-04-23 20:40:00,0,
2022-04-23 20:39:00,0,
2022-04-23 20:38:00,0,
2022-04-23 20:36:00,0,
2022-04-23 20:35:00,0,
2022-04-23 20:34:00,0,
2022-04-23 20:33:00,0,
2022-04-23 20:32:00,0,
2022-04-23 20:31:00,0,
2022-04-23 20:30:00,0,
2022-04-23 20:29:00,0,
2022-04-23 20:28:00,0,
2022-04-23 20:27:00,0,
2022-04-23 20:26:00,0,
2022-04-23 20:25:00,0,
2022-04-23 20:24:00,0,
2022-04-23 20:23:00,0,
2022-04-23 20:22:00,0,
2022-04-23 20:21:00,0,
2022-04-23 20:20:00,0,
2022-04-23 20:19:00,0,
2022-04-23 20:18:00,82,
2022-04-23 20:17:00,2,
2022-04-23 20:16:00,66,
2022-04-23 20:15:00,0,
2022-04-23 20:14:00,0,
2022-04-23 20:13:00,0,
2022-04-23 20:12:00,0,
2022-04-23 20:11:00,0,
2022-04-23 20:10:00,0,
2022-04-23 20:09:00,0,
2022-04-23 20:08:00,78,
2022-04-23 20:07:00,37,
2022-04-23 20:06:00,96,
2022-04-23 20:05:00,94,
2022-04-23 20:04:00,95,
2022-04-23 20:03:00,91,
2022-04-23 20:02:00,95,
2022-04-23 20:01:00,91,
2022-04-23 20:00:00,82,
2022-04-23 19:59:00,105,
2022-04-23 19:58:00,36,
2022-04-23 19:57:00,93,
2022-04-23 19:56:00,72,
2022-04-23 19:55:00,14,
2022-04-23 19:54:00,59,
2022-04-23 19:53:00,0,
2022-04-23 19:52:00,0,
2022-04-23 19:50:00,0,
2022-04-23 19:49:00,0,
2022-04-23 19:48:00,0,
2022-04-23 19:47:00,0,
2022-04-23 19:46:00,0,
2022-04-23 19:45:00,0,
2022-04-23 19:44:00,0,
2022-04-23 19:43:00,0,
2022-04-23 19:42:00,0,
2022-04-23 19:41:00,0,
2022-04-23 19:40:00,0,
2022-04-23 19:39:00,0,
2022-04-23 19:38:00,71,
2022-04-23 19:37:00,80,
2022-04-23 19:36:00,74,
2022-04-23 19:35:00,53,
2022-04-23 19:34:00,0,
2022-04-23 19:33:00,0,
2022-04-23 19:31:00,0,
2022-04-23 19:30:00,0,
2022-04-23 19:29:00,0,
2022-04-23 19:28:00,0,
2022-04-23 19:27:00,0,
2022-04-23 19:26:00,0,
2022-04-23 19:25:00,0,
2022-04-23 19:24:00,0,
2022-04-23 19:23:00,0,
2022-04-23 19:22:00,0,
2022-04-23 19:21:00,0,
2022-04-23 19:20:00,0,
2022-04-23 19:19:00,0,
2022-04-23 19:18:00,0,
2022-04-23 19:17:00,0,
2022-04-23 19:16:00,0,
2022-04-23 19:15:00,0,
2022-04-23 19:14:00,0,
2022-04-23 19:13:00,0,
2022-04-23 19:12:00,0,
2022-04-23 19:11:00,0,
2022-04-23 19:10:00,0,
2022-04-23 19:09:00,0,
2022-04-23 19:08:00,0,
2022-04-23 19:07:00,0,
2022-04-23 19:06:00,0,
2022-04-23 19:05:00,0,
2022-04-23 19:04:00,0,
2022-04-23 19:03:00,0,
2022-04-23 19:02:00,0,
2022-04-23 19:01:00,0,
2022-04-23 19:00:00,0,
2022-04-23 18:59:00,0,
2022-04-23 18:58:00,0,
2022-04-23 18:57:00,0,
2022-04-23 18:56:00,0,
2022-04-23 18:55:00,0,
2022-04-23 18:54:00,0,
2022-04-23 18:53:00,0,
2022-04-23 18:52:00,0,
2022-04-23 18:51:00,0,
2022-04-23 18:50:00,0,
2022-04-23 18:49:00,0,
2022-04-23 18:48:00,0,
2022-04-23 18:47:00,0,
2022-04-23 18:46:00,46,
2022-04-23 18:45:00,58,
2022-04-23 18:44:00,3,
2022-04-23 18:43:00,0,
2022-04-23 18:42:00,0,
2022-04-23 18:41:00,0,
2022-04-23 18:40:00,0,
2022-04-23 18:39:00,0,
2022-04-23 18:38:00,0,
2022-04-23 18:37:00,0,
2022-04-23 18:36:00,0,
2022-04-23 18:35:00,0,
2022-04-23 18:34:00,0,
2022-04-23 18:33:00,0,
2022-04-23 18:32:00,0,
2022-04-23 18:31:00,0,
2022-04-23 18:29:00,0,
2022-04-23 18:28:00,0,
2022-04-23 18:27:00,0,
2022-04-23 18:26:00,0,
2022-04-23 18:25:00,0,
2022-04-23 18:24:00,0,
2022-04-23 18:23:00,0,
2022-04-23 18:22:00,29,
2022-04-23 18:21:00,0,
2022-04-23 18:20:00,0,
2022-04-23 18:19:00,0,
2022-04-23 18:18:00,10,
2022-04-23 18:17:00,18,
2022-04-23 18:16:00,32,
2022-04-23 18:15:00,0,
2022-04-23 18:14:00,0,
2022-04-23 18:13:00,0,
2022-04-23 18:12:00,0,
2022-04-23 18:11:00,0,
2022-04-23 18:10:00,0,
2022-04-23 18:09:00,0,
2022-04-23 18:08:00,0,
2022-04-23 18:07:00,0,
2022-04-23 18:06:00,0,
2022-04-23 18:05:00,0,
2022-04-23 18:04:00,0,
2022-04-23 18:03:00,0,
2022-04-23 18:02:00,0,
2022-04-23 18:01:00,0,
2022-04-23 18:00:00,0,
2022-04-23 17:59:00,0,
2022-04-23 17:58:00,0,
2022-04-23 17:57:00,0,
2022-04-23 17:56:00,0,
2022-04-23 17:55:00,0,
2022-04-23 17:54:00,0,
2022-04-23 17:53:00,0,
2022-04-23 17:52:00,0,
2022-04-23 17:51:00,0,
2022-04-23 17:50:00,5,
2022-04-23 17:49:00,115,
2022-04-23 17:48:00,26,
2022-04-23 17:47:00,103,
2022-04-23 17:46:00,83,
2022-04-23 17:45:00,101,
2022-04-23 17:44:00,106,
2022-04-23 17:43:00,119,
2022-04-23 17:42:00,0,
2022-04-23 17:41:00,0,
2022-04-23 17:40:00,44,
2022-04-23 17:39:00,60,
2022-04-23 17:38:00,17,
2022-04-23 17:37:00,59,
2022-04-23 17:36:00,49,
2022-04-23 17:35:00,29,
2022-04-23 17:34:00,59,
2022-04-23 17:33:00,25,
2022-04-23 17:32:00,15,
2022-04-23 17:31:00,67,
2022-04-23 17:30:00,99,
2022-04-23 17:29:00,107,
2022-04-23 17:28:00,107,
2022-04-23 17:27:00,106,
2022-04-23 17:26:00,110,
2022-04-23 17:25:00,109,
2022-04-23 17:24:00,110,
2022-04-23 17:23:00,66,
2022-04-23 17:22:00,19,
2022-04-23 17:21:00,59,
2022-04-23 17:20:00,23,
2022-04-23 17:19:00,9,
2022-04-23 17:18:00,0,
2022-04-23 17:10:00,0,
2022-04-23 16:58:00,8,
2022-04-23 16:52:00,0,
2022-04-23 16:45:00,0,
2022-04-23 16:44:00,44,
2022-04-23 16:43:00,69,
2022-04-23 16:42:00,62,
2022-04-23 16:41:00,6,
2022-04-23 16:29:00,60,
2022-04-23 16:28:00,32,
2022-04-23 16:27:00,74,
2022-04-23 16:17:00,13,
2022-04-23 16:16:00,76,
2022-04-23 16:15:00,17,
2022-04-23 16:14:00,0,
2022-04-23 16:00:00,16,
2022-04-23 15:59:00,0,
2022-04-23 15:53:00,0,
2022-04-23 15:47:00,0,
2022-04-23 15:46:00,74,
2022-04-23 15:45:00,53,
2022-04-23 15:44:00,22,
2022-04-23 15:40:00,0,
2022-04-23 15:08:00,0,
2022-04-23 14:59:00,0,
2022-04-23 14:54:00,0,
2022-04-23 14:53:00,8,
2022-04-23 14:52:00,59,
2022-04-23 14:51:00,72,
2022-04-23 14:50:00,73,
2022-04-23 14:49:00,26,
2022-04-23 14:48:00,49,
2022-04-23 14:42:00,0,
2022-04-23 14:26:00,0,
2022-04-23 14:23:00,0,
2022-04-23 14:21:00,0,
2022-04-23 14:19:00,0,
2022-04-23 14:18:00,0,
2022-04-23 14:17:00,0,
2022-04-23 14:16:00,37,
2022-04-23 14:15:00,0,
2022-04-23 14:11:00,0,
2022-04-23 13:58:00,0,
2022-04-23 13:57:00,0,
2022-04-23 13:48:00,27,
2022-04-23 13:47:00,22,
2022-04-23 13:46:00,13,
2022-04-23 13:42:00,14,
2022-04-23 13:41:00,67,
2022-04-23 13:40:00,94,
2022-04-23 13:39:00,47,
2022-04-23 13:38:00,116,
2022-04-23 13:37:00,113,
2022-04-23 13:36:00,105,
2022-04-23 13:35:00,89,
2022-04-23 13:34:00,56,
2022-04-23 13:33:00,46,
2022-04-23 13:32:00,0,
2022-04-23 13:29:00,0,
2022-04-23 13:20:00,0,
2022-04-23 13:17:00,0,
2022-04-23 13:16:00,0,
2022-04-23 13:15:00,0,
2022-04-23 13:14:00,0,
2022-04-23 13:13:00,27,
2022-04-23 13:12:00,22,
2022-04-23 13:11:00,40,
2022-04-23 13:10:00,27,
2022-04-23 13:09:00,28,
2022-04-23 13:08:00,20,
2022-04-23 13:07:00,79,
2022-04-23 13:06:00,48,
2022-04-23 13:05:00,19,
2022-04-23 13:04:00,33,
2022-04-23 13:03:00,109,
2022-04-23 13:02:00,61,
2022-04-23 13:01:00,74,
2022-04-23 13:00:00,41,
2022-04-23 12:59:00,71,
2022-04-23 12:58:00,47,
2022-04-23 12:57:00,0,
2022-04-23 12:56:00,97,
2022-04-23 12:55:00,19,
2022-04-23 12:54:00,22,
2022-04-23 12:53:00,16,
2022-04-23 12:52:00,64,
2022-04-23 12:51:00,68,
2022-04-23 12:50:00,80,
2022-04-23 12:49:00,0,
2022-04-23 12:48:00,39,
2022-04-23 12:47:00,15,
2022-04-23 12:46:00,16,
2022-04-23 12:45:00,34,
2022-04-23 12:44:00,33,
2022-04-23 12:43:00,52,
2022-04-23 12:42:00,29,
2022-04-23 12:41:00,0,
2022-04-23 12:40:00,0,
2022-04-23 12:39:00,15,
2022-04-23 12:38:00,13,
2022-04-23 12:37:00,58,
2022-04-23 12:36:00,9,
2022-04-23 12:35:00,48,
2022-04-23 12:34:00,41,
2022-04-23 12:33:00,15,
2022-04-23 12:32:00,55,
2022-04-23 12:31:00,16,
2022-04-23 12:30:00,0,
2022-04-23 12:29:00,21,
2022-04-23 12:28:00,42,
2022-04-23 12:27:00,0,
2022-04-23 12:26:00,63,
2022-04-23 12:25:00,57,
2022-04-23 12:24:00,64,
2022-04-23 12:23:00,54,
2022-04-23 12:22:00,53,
2022-04-23 12:21:00,56,
2022-04-23 12:20:00,58,
2022-04-23 12:19:00,37,
2022-04-23 12:18:00,26,
2022-04-23 12:17:00,38,
2022-04-23 12:16:00,23,
2022-04-23 12:15:00,41,
2022-04-23 12:14:00,51,
2022-04-23 12:13:00,20,
2022-04-23 12:12:00,61,
2022-04-23 12:11:00,49,
2022-04-23 12:10:00,0,
2022-04-23 12:09:00,31,
2022-04-23 12:08:00,0,
2022-04-23 12:07:00,31,
2022-04-23 12:06:00,28,
2022-04-23 12:05:00,39,
2022-04-23 12:04:00,27,
2022-04-23 12:03:00,50,
2022-04-23 12:02:00,44,
2022-04-23 12:01:00,68,
2022-04-23 12:00:00,78,
2022-04-23 11:59:00,52,
2022-04-23 11:58:00,18,
2022-04-23 11:57:00,20,
2022-04-23 11:56:00,22,
2022-04-23 11:55:00,13,
2022-04-23 11:54:00,81,
2022-04-23 11:53:00,38,
2022-04-23 11:52:00,17,
2022-04-23 11:51:00,33,
2022-04-23 11:50:00,109,
2022-04-23 11:49:00,107,
2022-04-23 11:48:00,108,
2022-04-23 11:47:00,111,
2022-04-23 11:46:00,36,
2022-04-23 11:45:00,0,
2022-04-23 11:44:00,0,
2022-04-23 11:43:00,0,
2022-04-23 11:42:00,0,
2022-04-23 11:41:00,0,
2022-04-23 11:40:00,0,
2022-04-23 11:39:00,0,
2022-04-23 11:38:00,0,
2022-04-23 11:37:00,0,
2022-04-23 11:36:00,33,
2022-04-23 11:35:00,0,
2022-04-23 11:34:00,0,
2022-04-23 11:33:00,102,
2022-04-23 11:32:00,91,
2022-04-23 11:31:00,98,
2022-04-23 11:30:00,96,
2022-04-23 11:29:00,69,
2022-04-23 11:28:00,42,
2022-04-23 11:27:00,41,
2022-04-23 11:26:00,0,
2022-04-23 11:25:00,0,
2022-04-23 11:24:00,0,
2022-04-23 11:23:00,0,
2022-04-23 11:22:00,0,
2022-04-23 11:21:00,0,
2022-04-23 11:20:00,0,
2022-04-23 11:19:00,0,
2022-04-23 10:50:00,35,
2022-04-22 23:47:00,0,
2022-04-22 23:46:00,59,
2022-04-22 23:45:00,70,
2022-04-22 23:44:00,0,
2022-04-22 23:43:00,0,
2022-04-22 23:42:00,0,
2022-04-22 23:41:00,0,
2022-04-22 23:40:00,0,
2022-04-22 23:39:00,0,
2022-04-22 23:38:00,0,
2022-04-22 23:37:00,9,
2022-04-22 21:40:00,26,
2022-04-22 21:39:00,65,
2022-04-22 21:38:00,71,
2022-04-22 21:37:00,109,
2022-04-22 21:36:00,110,
2022-04-22 21:35:00,113,
2022-04-22 21:34:00,125,
2022-04-22 21:33:00,26,
2022-04-22 21:32:00,73,
2022-04-22 21:31:00,0,
2022-04-22 21:30:00,0,
2022-04-22 21:29:00,0,
2022-04-22 21:28:00,0,
2022-04-22 21:27:00,0,
2022-04-22 21:26:00,0,
2022-04-22 21:25:00,0,
2022-04-22 21:24:00,0,
2022-04-22 21:23:00,0,
2022-04-22 21:22:00,0,
2022-04-22 21:21:00,0,
2022-04-22 21:20:00,0,
2022-04-22 21:18:00,0,
2022-04-22 21:17:00,0,
2022-04-22 21:16:00,0,
2022-04-22 21:15:00,0,
2022-04-22 21:14:00,0,
2022-04-22 21:13:00,0,
2022-04-22 21:12:00,0,
2022-04-22 21:11:00,0,
2022-04-22 21:10:00,20,
2022-04-22 21:09:00,25,
2022-04-22 21:08:00,35,
2022-04-22 21:07:00,61,
2022-04-22 21:06:00,16,
2022-04-22 21:05:00,0,
2022-04-22 21:04:00,51,
2022-04-22 21:03:00,31,
2022-04-22 21:02:00,14,
2022-04-22 21:01:00,26,
2022-04-22 21:00:00,57,
2022-04-22 20:59:00,0,
2022-04-22 20:58:00,0,
2022-04-22 20:57:00,0,
2022-04-22 20:56:00,0,
2022-04-22 20:55:00,0,
2022-04-22 20:54:00,0,
2022-04-22 20:53:00,0,
2022-04-22 20:52:00,0,
2022-04-22 20:51:00,0,
2022-04-22 20:50:00,0,
2022-04-22 20:49:00,0,
2022-04-22 20:48:00,0,
2022-04-22 20:47:00,0,
2022-04-22 20:46:00,0,
2022-04-22 20:45:00,0,
2022-04-22 20:44:00,0,
2022-04-22 20:43:00,0,
2022-04-22 20:42:00,0,
2022-04-22 20:41:00,14,
2022-04-22 20:40:00,67,
2022-04-22 20:39:00,103,
2022-04-22 20:38:00,106,
2022-04-22 20:37:00,112,
2022-04-22 20:36:00,110,
2022-04-22 20:35:00,34,
2022-04-22 20:34:00,109,
2022-04-22 20:33:00,111,
2022-04-22 20:32:00,112,
2022-04-22 20:31:00,103,
2022-04-22 20:30:00,108,
2022-04-22 20:29:00,106,
2022-04-22 20:28:00,109,
2022-04-22 20:27:00,100,
2022-04-22 20:26:00,130,
2022-04-22 20:25:00,161,
2022-04-22 20:24:00,160,
2022-04-22 20:23:00,162,
2022-04-22 20:22:00,161,
2022-04-22 20:21:00,161,
2022-04-22 20:20:00,160,
2022-04-22 20:19:00,162,
2022-04-22 20:18:00,163,
2022-04-22 20:17:00,160,
2022-04-22 20:16:00,126,
2022-04-22 20:15:00,117,
2022-04-22 20:14:00,115,
2022-04-22 20:13:00,116,
2022-04-22 20:12:00,118,
2022-04-22 20:11:00,117,
2022-04-22 20:10:00,116,
2022-04-22 20:09:00,130,
2022-04-22 20:08:00,37,
2022-04-22 20:07:00,44,
2022-04-22 19:49:00,10,
2022-04-22 19:48:00,8,
2022-04-22 19:47:00,1,
2022-04-22 19:38:00,2,
2022-04-22 19:37:00,2,
2022-04-20 10:36:00,69,
2022-04-20 10:35:00,53,
2022-04-20 10:34:00,71,
2022-04-20 10:33:00,0,
2022-04-20 10:32:00,14,
2022-04-20 10:31:00,98,
2022-04-20 10:30:00,130,
2022-04-20 10:29:00,29,
2022-04-20 10:28:00,17,
2022-04-20 10:27:00,120,
2022-04-20 10:26:00,119,
2022-04-20 10:25:00,120,
2022-04-20 10:24:00,120,
2022-04-20 10:23:00,99,
2022-04-20 10:20:00,16,
2022-04-20 10:18:00,26,
2022-04-20 10:17:00,109,
2022-04-20 10:16:00,99,
2022-04-20 10:15:00,50,
2022-04-20 10:14:00,10,
2022-04-20 10:13:00,82,
2022-04-20 10:12:00,5,
2022-04-19 22:14:00,0,
2022-04-19 22:13:00,0,
2022-04-19 22:12:00,60,
2022-04-19 22:11:00,117,
2022-04-19 22:10:00,114,
2022-04-19 22:09:00,108,
2022-04-19 22:08:00,79,
2022-04-19 22:07:00,32,
2022-04-19 22:06:00,82,
2022-04-19 22:05:00,4,
2022-04-19 22:04:00,0,
2022-04-17 12:47:00,0,
2022-04-17 12:46:00,0,
2022-04-17 12:45:00,0,
2022-04-17 12:42:00,0,
2022-04-17 12:41:00,0,
2022-04-17 12:40:00,0,
2022-04-17 12:39:00,0,
2022-04-17 12:37:00,0,
2022-04-17 12:36:00,0,
2022-04-17 12:35:00,0,
2022-04-17 12:34:00,0,
2022-04-17 12:33:00,0,
2022-04-17 12:32:00,0,
2022-04-17 12:31:00,0,
2022-04-17 12:30:00,0,
2022-04-17 12:29:00,0,
2022-04-17 12:28:00,0,
2022-04-17 12:27:00,0,
2022-04-17 12:26:00,34,
2022-04-17 12:25:00,60,
2022-04-17 12:24:00,87,
2022-04-17 12:23:00,109,
2022-04-17 12:22:00,108,
2022-04-17 12:21:00,58,
2022-04-17 12:20:00,0,
2022-04-17 12:19:00,0,
2022-04-17 12:18:00,0,
2022-04-17 12:17:00,0,
2022-04-17 12:16:00,0,
2022-04-17 12:15:00,0,
2022-04-17 12:14:00,0,
2022-04-17 12:13:00,0,
2022-04-17 12:12:00,0,
2022-04-17 12:11:00,39,
2022-04-17 12:10:00,7,
2022-04-17 12:09:00,0,
2022-04-17 12:08:00,75,
2022-04-17 12:07:00,106,
2022-04-17 12:06:00,125,
2022-04-17 12:05:00,0,
2022-04-17 12:04:00,44,
2022-04-17 12:03:00,0,
2022-04-17 12:02:00,0,
2022-04-17 11:44:00,0,
2022-04-17 11:39:00,31,
2022-04-17 11:38:00,13,
2022-04-17 11:37:00,38,
2022-04-17 11:36:00,43,
2022-04-16 23:13:00,0,
2022-04-16 23:12:00,0,
2022-04-16 23:11:00,26,
2022-04-16 23:10:00,64,
2022-04-16 23:09:00,45,
2022-04-16 23:08:00,53,
2022-04-16 23:03:00,9,
2022-04-16 22:21:00,0,
2022-04-16 22:15:00,45,
2022-04-16 22:03:00,4,
2022-04-16 22:02:00,57,
2022-04-16 22:01:00,18,
2022-04-16 21:12:00,0,
2022-04-16 21:11:00,35,
2022-04-16 21:10:00,91,
2022-04-16 21:09:00,107,
2022-04-16 21:08:00,97,
2022-04-16 21:07:00,90,
2022-04-16 21:06:00,76,
2022-04-16 21:05:00,34,
2022-04-16 21:04:00,77,
2022-04-16 21:03:00,53,
2022-04-16 21:02:00,36,
2022-04-16 21:01:00,60,
2022-04-16 20:00:00,0,
2022-04-16 19:15:00,39,
2022-04-16 19:14:00,29,
2022-04-16 19:07:00,26,
2022-04-16 19:06:00,75,
2022-04-16 19:05:00,45,
2022-04-16 19:04:00,38,
2022-04-16 18:18:00,0,
2022-04-16 18:17:00,0,
2022-04-16 18:12:00,0,
2022-04-16 18:11:00,0,
2022-04-16 18:09:00,0,
2022-04-16 18:08:00,0,
2022-04-16 18:07:00,0,
2022-04-16 18:05:00,0,
2022-04-16 18:04:00,0,
2022-04-16 18:03:00,0,
2022-04-16 18:02:00,0,
2022-04-16 18:01:00,9,
2022-04-16 18:00:00,69,
2022-04-16 17:59:00,62,
2022-04-16 17:58:00,0,
2022-04-16 17:57:00,0,
2022-04-16 17:56:00,0,
2022-04-16 17:55:00,0,
2022-04-16 17:54:00,0,
2022-04-16 17:53:00,0,
2022-04-16 17:52:00,0,
2022-04-16 17:51:00,0,
2022-04-16 17:50:00,14,
2022-04-16 17:49:00,0,
2022-04-16 17:48:00,0,
2022-04-16 17:47:00,0,
2022-04-16 17:46:00,62,
2022-04-16 17:45:00,75,
2022-04-16 17:44:00,4,
2022-04-16 17:43:00,0,
2022-04-16 17:42:00,0,
2022-04-16 17:41:00,21,
2022-04-16 17:40:00,25,
2022-04-16 17:39:00,70,
2022-04-16 17:38:00,42,
2022-04-16 17:37:00,59,
2022-04-16 17:36:00,63,
2022-04-16 17:35:00,0,
2022-04-16 17:34:00,0,
2022-04-16 17:33:00,35,
2022-04-16 17:32:00,29,
2022-04-16 17:31:00,0,
2022-04-16 17:30:00,0,
2022-04-16 17:29:00,0,
2022-04-16 17:28:00,5,
2022-04-16 17:27:00,109,
2022-04-16 17:26:00,14,
2022-04-16 17:25:00,0,
2022-04-16 17:24:00,0,
2022-04-16 17:23:00,0,
2022-04-16 17:21:00,0,
2022-04-16 17:20:00,0,
2022-04-16 17:19:00,0,
2022-04-16 17:18:00,0,
2022-04-16 17:16:00,0,
2022-04-16 17:13:00,8,
2022-04-16 17:12:00,20,
2022-04-16 17:11:00,35,
2022-04-16 17:02:00,50,
2022-04-16 17:00:00,0,
2022-04-16 16:59:00,82,
2022-04-16 16:58:00,81,
2022-04-16 16:57:00,127,
2022-04-16 16:56:00,125,
2022-04-16 16:55:00,139,
2022-04-16 16:54:00,17,
2022-04-16 16:53:00,38,
2022-04-16 16:52:00,0,
2022-04-16 16:49:00,72,
